date,subways_total_estimated_ridership,subways_of_comparable_pre_pandemic_day,buses_total_estimated_ridersip,buses_of_comparable_pre_pandemic_day,lirr_total_estimated_ridership,lirr_of_comparable_pre_pandemic_day,metro_north_total_estimated_ridership,metro_north_of_comparable_pre_pandemic_day,access_a_ride_total_scheduled_trips,access_a_ride_of_comparable_pre_pandemic_day,bridges_and_tunnels_total_traffic,bridges_and_tunnels_of_comparable_pre_pandemic_day,staten_island_railway_total_estimated_ridership,staten_island_railway_of_comparable_pre_pandemic_day
2022-11-26T00:00:00.000,1999608,0.63,781665,0.59,105304,0.91,106685,0.71,12576,0.74,852829,0.94,2286,0.66
2022-11-27T00:00:00.000,1476228,0.59,562073,0.56,79973,0.85,76680,0.74,13063,0.69,814703,0.99,1408,0.46
2022-11-28T00:00:00.000,3265971,0.58,1397963,0.64,186710,0.57,163694,0.57,24969,0.80,904337,0.96,7120,0.42
2022-11-29T00:00:00.000,3596894,0.64,1455294,0.66,192494,0.59,181370,0.63,27009,0.87,891057,0.94,7510,0.44
2022-11-30T00:00:00.000,3568413,0.63,1356729,0.62,189152,0.58,177367,0.62,26469,0.85,857882,0.91,7204,0.42
2022-12-01T00:00:00.000,3770495,0.71,1459934,0.73,181825,0.58,166856,0.60,27018,0.93,931376,1.05,7538,0.48
2022-12-02T00:00:00.000,3600504,0.67,1395642,0.70,172860,0.55,152746,0.55,27007,0.93,933219,1.05,6576,0.42
2022-12-03T00:00:00.000,2291687,0.69,760109,0.60,87730,0.68,89976,0.57,15540,0.90,815868,0.92,1467,0.30
2022-12-04T00:00:00.000,1990479,0.78,681713,0.70,81381,0.76,80173,0.75,15763,0.88,804122,1.01,1266,0.37
2022-12-05T00:00:00.000,3481640,0.65,1429308,0.71,183238,0.58,164873,0.59,26409,0.91,873767,0.99,7013,0.45
2022-12-06T00:00:00.000,3753299,0.70,1414979,0.71,195892,0.62,178862,0.64,27305,0.94,878388,0.99,7447,0.48
2022-12-07T00:00:00.000,3835333,0.72,1442871,0.72,194436,0.62,178345,0.64,27941,0.96,899007,1.01,7526,0.48
2022-12-08T00:00:00.000,3931499,0.74,1480877,0.74,192958,0.61,182314,0.65,28292,0.97,948091,1.07,7541,0.48
2022-12-09T00:00:00.000,3710928,0.69,1386473,0.69,185104,0.59,165147,0.59,26213,0.90,964167,1.09,6379,0.41
2022-12-10T00:00:00.000,2663493,0.80,869320,0.69,112142,0.88,119858,0.76,16232,0.94,900034,1.02,1873,0.38
2022-12-11T00:00:00.000,1865579,0.73,618870,0.63,77607,0.73,74273,0.69,14949,0.84,777867,0.98,1103,0.32
2022-12-12T00:00:00.000,3466978,0.65,1384864,0.69,182973,0.58,163516,0.59,25771,0.88,876300,0.99,6838,0.44
2022-12-13T00:00:00.000,3763568,0.70,1437228,0.72,197613,0.63,183214,0.66,28234,0.97,908198,1.03,7570,0.49
2022-12-14T00:00:00.000,3777173,0.71,1435020,0.72,196921,0.62,183484,0.66,29081,1.00,940858,1.06,7400,0.47
2022-12-15T00:00:00.000,3726154,0.70,1363160,0.68,191261,0.61,173709,0.62,27034,0.93,931870,1.05,7001,0.45
2022-12-16T00:00:00.000,3270016,0.61,1221634,0.61,170615,0.54,151244,0.54,24074,0.83,917332,1.04,5823,0.37
2022-12-17T00:00:00.000,2577771,0.78,884283,0.70,114272,0.89,123286,0.78,16788,0.97,933667,1.06,2071,0.42
2022-12-18T00:00:00.000,1967199,0.77,668994,0.68,87146,0.82,87425,0.81,16036,0.90,842911,1.06,1487,0.44
2022-12-19T00:00:00.000,3381411,0.63,1352455,0.68,178278,0.56,159383,0.57,25529,0.88,886717,1.00,6591,0.42
2022-12-20T00:00:00.000,3586084,0.67,1398728,0.70,191991,0.61,173346,0.62,27148,0.93,923333,1.04,7046,0.45
2022-12-21T00:00:00.000,3563236,0.67,1393290,0.70,191684,0.61,168379,0.60,28480,0.98,953676,1.08,6993,0.45
2022-12-22T00:00:00.000,3187083,0.60,1269330,0.63,177675,0.56,147366,0.53,25244,0.87,936662,1.06,5728,0.37
2022-12-23T00:00:00.000,2738016,0.51,1057686,0.53,163716,0.52,138857,0.50,20359,0.70,812831,0.92,4523,0.29
2022-12-24T00:00:00.000,1411469,0.43,497129,0.39,61701,0.48,60373,0.38,12759,0.74,746316,0.84,1304,0.26
2022-12-25T00:00:00.000,1008452,0.40,321245,0.33,51896,0.49,47454,0.44,13709,0.77,730783,0.92,1005,0.30
2022-12-26T00:00:00.000,1812842,0.71,644828,0.66,87401,0.82,89137,0.83,9327,0.52,764686,0.96,2214,0.65
2022-12-27T00:00:00.000,2729514,0.51,1027687,0.51,178880,0.57,156503,0.56,21363,0.73,881989,1.00,5228,0.34
2022-12-28T00:00:00.000,2947028,0.55,1088279,0.54,182226,0.58,163499,0.59,23571,0.81,891790,1.01,5407,0.35
2022-12-29T00:00:00.000,3039432,0.57,1099513,0.55,189075,0.60,167129,0.60,23200,0.80,916565,1.03,5597,0.36
2022-12-30T00:00:00.000,3063480,0.57,1087122,0.54,193989,0.61,176215,0.63,22951,0.79,926881,1.05,5338,0.34
2022-12-31T00:00:00.000,1927101,0.58,651474,0.51,81590,0.64,81198,0.52,14090,0.82,686434,0.78,1847,0.37
2023-01-01T00:00:00.000,1675507,0.80,475226,0.52,67722,0.82,66309,0.73,11476,0.85,737533,1.08,1771,0.65
2023-01-02T00:00:00.000,1938154,0.93,739507,0.81,76247,0.92,72403,0.80,10136,0.75,692984,1.02,2671,0.98
2023-01-03T00:00:00.000,3175777,0.62,1268913,0.62,179109,0.59,167136,0.62,24868,0.88,815532,0.94,6853,0.42
2023-01-04T00:00:00.000,3413052,0.66,1391449,0.68,182834,0.61,170847,0.63,26848,0.95,839120,0.97,7282,0.44
2023-01-05T00:00:00.000,3428520,0.67,1378698,0.67,175278,0.58,166642,0.62,26808,0.95,859218,0.99,7042,0.43
2023-01-06T00:00:00.000,3229858,0.63,1319595,0.64,161259,0.53,142524,0.53,25824,0.91,873654,1.01,6050,0.37
2023-01-07T00:00:00.000,2116138,0.78,806981,0.67,87215,0.90,85244,0.66,14828,1.02,808570,1.06,2297,0.56
2023-01-08T00:00:00.000,1610764,0.77,628612,0.68,68647,0.83,64893,0.72,15157,1.12,739656,1.08,1529,0.56
2023-01-09T00:00:00.000,3145743,0.61,1353638,0.66,173594,0.57,157335,0.58,24923,0.88,829372,0.95,6629,0.40
2023-01-10T00:00:00.000,3469177,0.67,1412543,0.69,196817,0.65,179530,0.67,27309,0.97,859974,0.99,7414,0.45
2023-01-11T00:00:00.000,3508962,0.68,1421914,0.69,188904,0.63,174349,0.65,27991,0.99,864282,0.99,7166,0.44
2023-01-12T00:00:00.000,3472709,0.68,1364715,0.67,188850,0.62,168701,0.63,27119,0.96,881579,1.01,7150,0.44
2023-01-13T00:00:00.000,3270020,0.64,1345748,0.66,167475,0.55,147885,0.55,26085,0.92,922864,1.06,6042,0.37
2023-01-14T00:00:00.000,2072387,0.77,785952,0.66,84718,0.87,83565,0.64,15407,1.06,817979,1.07,2059,0.50
2023-01-15T00:00:00.000,1705804,0.82,621041,0.68,72479,0.88,70493,0.78,15198,1.13,757778,1.11,1510,0.55
2023-01-16T00:00:00.000,2172218,1.04,884152,0.96,82416,1.00,75892,0.84,14617,1.08,812347,1.19,3140,1.15
2023-01-17T00:00:00.000,3451604,0.67,1399573,0.68,193345,0.64,183674,0.68,27214,0.96,870650,1.00,7492,0.46
2023-01-18T00:00:00.000,3603344,0.70,1449590,0.71,198264,0.66,182209,0.68,29223,1.03,877542,1.01,7488,0.46
2023-01-19T00:00:00.000,3492226,0.68,1327804,0.65,179752,0.59,170122,0.63,26737,0.95,862336,0.99,6925,0.42
2023-01-20T00:00:00.000,3375887,0.66,1383181,0.68,173943,0.58,150003,0.56,26548,0.94,915022,1.05,6192,0.38
2023-01-21T00:00:00.000,2137169,0.79,823236,0.69,88435,0.91,84763,0.65,15580,1.07,826850,1.08,2058,0.50
2023-01-22T00:00:00.000,1593386,0.76,611151,0.67,64883,0.78,61728,0.68,14721,1.09,744230,1.09,1479,0.54
2023-01-23T00:00:00.000,3135214,0.61,1281037,0.63,172927,0.57,155439,0.58,25087,0.89,809261,0.93,6210,0.38
2023-01-24T00:00:00.000,3566756,0.69,1410676,0.69,196319,0.65,182127,0.68,27701,0.98,863886,0.99,7335,0.45
2023-01-25T00:00:00.000,3511071,0.68,1342717,0.66,188247,0.62,171748,0.64,26738,0.95,815210,0.94,6937,0.42
2023-01-26T00:00:00.000,3629029,0.71,1408545,0.69,190219,0.63,173696,0.65,27061,0.96,890830,1.03,7093,0.43
2023-01-27T00:00:00.000,3335372,0.65,1341589,0.66,178881,0.59,149763,0.56,26826,0.95,920095,1.06,6051,0.37
2023-01-28T00:00:00.000,2248107,0.83,861680,0.72,98609,1.01,89845,0.69,15577,1.07,841863,1.10,2333,0.57
2023-01-29T00:00:00.000,1637398,0.78,647923,0.71,73109,0.88,65422,0.72,15371,1.14,764625,1.12,1694,0.62
2023-01-30T00:00:00.000,3223530,0.63,1371537,0.67,180476,0.60,159176,0.59,25676,0.91,850406,0.98,6624,0.40
2023-01-31T00:00:00.000,3654404,0.71,1365926,0.67,198755,0.66,183484,0.68,27308,0.97,852930,0.98,7593,0.46
2023-02-01T00:00:00.000,3682758,0.68,1460146,0.68,184043,0.61,169846,0.63,28492,0.97,868518,0.98,7588,0.47
2023-02-02T00:00:00.000,3699932,0.68,1478477,0.69,187799,0.62,169864,0.63,27917,0.95,894790,1.01,7457,0.46
2023-02-03T00:00:00.000,3189550,0.59,1246821,0.58,158579,0.52,135908,0.50,26238,0.89,887417,1.00,5819,0.36
2023-02-04T00:00:00.000,1742435,0.61,598818,0.47,69433,0.74,64032,0.49,13439,0.83,737000,0.89,1555,0.36
2023-02-05T00:00:00.000,1625375,0.74,650623,0.67,69379,0.89,62639,0.69,15413,0.91,758529,1.01,1522,0.54
2023-02-06T00:00:00.000,3372445,0.62,1431232,0.67,181320,0.60,157813,0.59,26639,0.91,849008,0.96,7068,0.44
2023-02-07T00:00:00.000,3738539,0.69,1491417,0.69,201438,0.67,183389,0.68,28688,0.97,867827,0.98,7736,0.48
2023-02-08T00:00:00.000,3780682,0.70,1513135,0.70,197370,0.65,180852,0.67,29653,1.01,884755,1.00,7647,0.47
2023-02-09T00:00:00.000,3754859,0.69,1462622,0.68,193326,0.64,172507,0.64,28515,0.97,909007,1.03,7403,0.46
2023-02-10T00:00:00.000,3539529,0.65,1422781,0.66,179637,0.59,154760,0.57,28094,0.95,947991,1.07,6477,0.40
2023-02-11T00:00:00.000,2333625,0.81,865782,0.68,94434,1.01,88281,0.67,16638,1.02,865505,1.04,1615,0.38
2023-02-12T00:00:00.000,1746099,0.80,659496,0.68,67457,0.86,63383,0.69,16305,0.97,749533,0.99,1227,0.44
2023-02-13T00:00:00.000,3303337,0.61,1381524,0.64,180002,0.59,159741,0.59,25900,0.88,854394,0.97,6188,0.38
2023-02-14T00:00:00.000,3812943,0.70,1480867,0.69,200327,0.66,179811,0.67,29001,0.99,897813,1.02,7557,0.47
2023-02-15T00:00:00.000,3762817,0.69,1499155,0.70,197344,0.65,181992,0.68,29119,0.99,904926,1.02,7491,0.46
2023-02-16T00:00:00.000,3683782,0.68,1461093,0.68,189802,0.63,172189,0.64,28364,0.96,915758,1.04,7318,0.45
2023-02-17T00:00:00.000,3253165,0.60,1315466,0.61,172113,0.57,150151,0.56,26759,0.91,936689,1.06,5892,0.36
2023-02-18T00:00:00.000,2271106,0.79,822505,0.65,91478,0.98,93213,0.71,15612,0.96,860646,1.03,1266,0.30
2023-02-19T00:00:00.000,1824136,0.83,639980,0.66,75448,0.97,75064,0.82,16165,0.96,784650,1.04,959,0.34
2023-02-20T00:00:00.000,2238557,1.02,929439,0.95,90371,1.16,79984,0.88,14818,0.88,809578,1.07,1547,0.55
2023-02-21T00:00:00.000,3325542,0.61,1273578,0.59,194967,0.64,174283,0.65,27224,0.93,864047,0.98,6525,0.40
2023-02-22T00:00:00.000,3454362,0.64,1305744,0.61,193753,0.64,171187,0.64,27895,0.95,869960,0.98,6538,0.40
2023-02-23T00:00:00.000,3498367,0.64,1328927,0.62,188438,0.62,167193,0.62,27336,0.93,906322,1.03,6695,0.41
2023-02-24T00:00:00.000,3246699,0.60,1246797,0.58,179793,0.59,153058,0.57,26077,0.89,928057,1.05,5551,0.34
2023-02-25T00:00:00.000,2043635,0.71,800947,0.63,86403,0.92,81742,0.62,15461,0.95,831613,1.00,1396,0.33
2023-02-26T00:00:00.000,1625191,0.74,676041,0.69,74226,0.95,67702,0.74,15891,0.94,807475,1.07,1095,0.39
2023-02-27T00:00:00.000,3337916,0.62,1423292,0.66,180277,0.60,160346,0.60,26730,0.91,854625,0.97,6752,0.42
2023-02-28T00:00:00.000,3412079,0.63,1349173,0.63,177532,0.59,139326,0.52,26116,0.89,751643,0.85,6690,0.41
2023-03-01T00:00:00.000,3780713,0.68,1511792,0.67,192142,0.61,176661,0.64,29449,0.99,901530,0.98,7403,0.46
2023-03-02T00:00:00.000,3765925,0.68,1493623,0.67,195243,0.62,176678,0.64,28978,0.97,934427,1.01,7434,0.47
2023-03-03T00:00:00.000,3481830,0.63,1417670,0.63,172623,0.55,150603,0.55,27298,0.92,933992,1.01,6167,0.39
2023-03-04T00:00:00.000,2173217,0.71,870341,0.65,96720,0.90,84352,0.62,16263,0.96,844751,0.97,1449,0.29
2023-03-05T00:00:00.000,1772121,0.77,712408,0.72,81079,0.93,72918,0.77,16956,0.96,831376,1.03,1215,0.39
2023-03-06T00:00:00.000,3427019,0.62,1460599,0.65,185896,0.59,163314,0.59,27550,0.93,875696,0.95,6849,0.43
2023-03-07T00:00:00.000,3773780,0.68,1490272,0.66,205559,0.66,186615,0.68,28417,0.96,887227,0.96,7607,0.48
2023-03-08T00:00:00.000,3842861,0.69,1514182,0.68,203258,0.65,186940,0.68,30476,1.02,918426,1.00,7452,0.47
2023-03-09T00:00:00.000,3827656,0.69,1515155,0.68,201711,0.64,186197,0.68,29847,1.00,944406,1.02,7211,0.45
2023-03-10T00:00:00.000,3502339,0.63,1408909,0.63,182873,0.58,160550,0.58,28209,0.95,964271,1.05,6135,0.38
2023-03-11T00:00:00.000,2230530,0.73,821990,0.62,78979,0.73,88667,0.65,15493,0.91,842108,0.97,1796,0.35
2023-03-12T00:00:00.000,1773585,0.77,686039,0.69,75970,0.88,70403,0.75,16644,0.94,832873,1.03,1547,0.49
2023-03-13T00:00:00.000,3352388,0.60,1377045,0.61,179787,0.57,157310,0.57,26027,0.88,852961,0.93,6358,0.40
2023-03-14T00:00:00.000,3577250,0.64,1360497,0.61,189402,0.60,159031,0.58,26262,0.88,775384,0.84,6866,0.43
2023-03-15T00:00:00.000,3912366,0.70,1493605,0.67,205092,0.65,187128,0.68,29687,1.00,916918,1.00,7473,0.47
2023-03-16T00:00:00.000,3949788,0.71,1522248,0.68,209838,0.67,187573,0.68,30151,1.01,976134,1.06,7562,0.47
2023-03-17T00:00:00.000,3661519,0.66,1408472,0.63,199191,0.64,171443,0.62,28094,0.94,965113,1.05,6790,0.43
2023-03-18T00:00:00.000,2417873,0.79,921569,0.69,102021,0.95,101788,0.75,16828,0.99,924274,1.06,1839,0.36
2023-03-19T00:00:00.000,1894476,0.83,661736,0.67,82032,0.95,72936,0.77,16471,0.93,880371,1.09,1247,0.40
2023-03-20T00:00:00.000,3442589,0.62,1444823,0.64,191367,0.61,167256,0.61,26951,0.91,896248,0.97,6895,0.43
2023-03-21T00:00:00.000,3801084,0.68,1511670,0.67,213026,0.68,189925,0.69,29466,0.99,918684,1.00,7850,0.49
2023-03-22T00:00:00.000,3797399,0.68,1509096,0.67,202826,0.65,184321,0.67,29999,1.01,920292,1.00,7589,0.48
2023-03-23T00:00:00.000,3774396,0.68,1466839,0.65,200870,0.64,177877,0.65,29189,0.98,934634,1.01,7208,0.45
2023-03-24T00:00:00.000,3534300,0.63,1420346,0.63,188352,0.60,159574,0.58,27883,0.94,959147,1.04,6133,0.38
2023-03-25T00:00:00.000,2153554,0.70,784068,0.59,89101,0.83,82702,0.61,15556,0.92,830547,0.95,1765,0.35
2023-03-26T00:00:00.000,1939984,0.85,724870,0.73,83054,0.96,81819,0.87,16878,0.96,871824,1.08,1648,0.52
2023-03-27T00:00:00.000,3397258,0.61,1426226,0.64,192461,0.61,166543,0.60,26394,0.89,885237,0.96,6675,0.42
2023-03-28T00:00:00.000,3765920,0.68,1490842,0.67,207837,0.66,189294,0.69,28923,0.97,894984,0.97,7541,0.47
2023-03-29T00:00:00.000,3872948,0.70,1521968,0.68,208736,0.67,187520,0.68,29771,1.00,922903,1.00,7825,0.49
2023-03-30T00:00:00.000,3860289,0.69,1486845,0.66,200601,0.64,187344,0.68,29363,0.99,957635,1.04,7512,0.47
2023-03-31T00:00:00.000,3573735,0.64,1423686,0.64,184342,0.59,158879,0.58,28599,0.96,977962,1.06,6426,0.40
2023-04-01T00:00:00.000,2283533,0.72,842213,0.63,82140,0.72,88096,0.59,16428,0.98,856286,0.94,1520,0.30
2023-04-02T00:00:00.000,1949665,0.80,716880,0.72,76059,0.83,79027,0.77,17660,0.95,855422,0.99,1319,0.40
2023-04-03T00:00:00.000,3597785,0.65,1475017,0.67,182947,0.59,162370,0.57,27387,0.95,899177,0.96,7076,0.44
2023-04-04T00:00:00.000,3906882,0.70,1519740,0.70,200063,0.64,188769,0.66,29698,1.03,913561,0.97,7633,0.47
2023-04-05T00:00:00.000,3799965,0.68,1432322,0.66,205060,0.66,185283,0.65,29462,1.02,938533,1.00,7163,0.44
2023-04-06T00:00:00.000,3421271,0.61,1264311,0.58,193340,0.62,169192,0.59,27061,0.94,914933,0.97,6122,0.38
2023-04-07T00:00:00.000,3130675,0.56,1150222,0.53,187800,0.60,159262,0.56,23831,0.82,900772,0.96,4925,0.30
2023-04-08T00:00:00.000,2393347,0.76,882727,0.66,108740,0.95,99273,0.67,16256,0.97,872566,0.96,2393,0.47
2023-04-09T00:00:00.000,1855826,0.76,654259,0.66,98030,1.07,85620,0.83,19026,1.02,904505,1.04,1916,0.59
2023-04-10T00:00:00.000,3142740,0.56,1236634,0.57,191412,0.62,170713,0.60,24135,0.83,922582,0.98,6121,0.38
2023-04-11T00:00:00.000,3537843,0.63,1316710,0.60,210828,0.68,193831,0.68,27777,0.96,895251,0.95,7081,0.44
2023-04-12T00:00:00.000,3576687,0.64,1311418,0.60,207802,0.67,191574,0.67,28326,0.98,890891,0.95,6863,0.42
2023-04-13T00:00:00.000,3628304,0.65,1311906,0.60,200072,0.64,183658,0.64,28451,0.98,939226,1.00,6668,0.41
2023-04-14T00:00:00.000,3471420,0.62,1294357,0.59,190858,0.61,173790,0.61,27514,0.95,989052,1.05,5869,0.36
2023-04-15T00:00:00.000,2365464,0.75,890050,0.67,99793,0.87,103902,0.70,16804,1.01,916008,1.00,1743,0.34
2023-04-16T00:00:00.000,1864753,0.77,728462,0.73,80318,0.88,85026,0.83,16835,0.90,881923,1.02,1309,0.40
2023-04-17T00:00:00.000,3418834,0.61,1438043,0.66,188445,0.61,167759,0.58,27611,0.95,897271,0.95,6926,0.43
2023-04-18T00:00:00.000,3862133,0.69,1526133,0.70,207882,0.67,194548,0.68,29658,1.03,929653,0.99,7879,0.49
2023-04-19T00:00:00.000,3927706,0.70,1530452,0.70,206116,0.66,195085,0.68,30829,1.07,952981,1.01,7889,0.49
2023-04-20T00:00:00.000,4002433,0.72,1520258,0.70,208664,0.67,189699,0.66,30106,1.04,1014633,1.08,7577,0.47
2023-04-21T00:00:00.000,3492257,0.63,1310737,0.60,195442,0.63,174727,0.61,27777,0.96,994549,1.06,6005,0.37
2023-04-22T00:00:00.000,2506140,0.79,893014,0.67,106134,0.93,106032,0.71,16865,1.01,931077,1.02,1715,0.34
2023-04-23T00:00:00.000,1923243,0.79,673668,0.68,87793,0.96,79003,0.77,15947,0.85,880726,1.02,1326,0.41
2023-04-24T00:00:00.000,3561262,0.64,1466762,0.67,196593,0.63,173997,0.61,27254,0.94,911973,0.97,7020,0.43
2023-04-25T00:00:00.000,3956922,0.71,1529162,0.70,216767,0.70,192115,0.67,29504,1.02,927611,0.99,7806,0.48
2023-04-26T00:00:00.000,3994837,0.72,1531476,0.70,216097,0.70,191885,0.67,30191,1.04,947254,1.01,7758,0.48
2023-04-27T00:00:00.000,3999831,0.72,1506783,0.69,216674,0.70,184365,0.64,29969,1.04,981809,1.04,7564,0.47
2023-04-28T00:00:00.000,3703088,0.66,1424078,0.65,195436,0.63,160861,0.56,28306,0.98,996548,1.06,6441,0.40
2023-04-29T00:00:00.000,2179978,0.69,715608,0.54,85167,0.75,77009,0.52,15688,0.94,832504,0.91,1871,0.37
2023-04-30T00:00:00.000,1744098,0.72,578075,0.58,75065,0.82,65334,0.63,15451,0.83,786171,0.91,1355,0.42
2023-05-01T00:00:00.000,3664755,0.64,1465598,0.64,188566,0.59,167178,0.58,27445,0.93,922971,0.96,6960,0.40
2023-05-02T00:00:00.000,3961858,0.69,1498566,0.66,211550,0.66,197217,0.69,29472,1.00,916459,0.95,7749,0.45
2023-05-03T00:00:00.000,4030601,0.70,1533714,0.67,209450,0.66,195363,0.68,30850,1.05,940822,0.98,7862,0.45
2023-05-04T00:00:00.000,3985001,0.70,1497427,0.66,206323,0.65,189538,0.66,30449,1.04,966836,1.00,7417,0.43
2023-05-05T00:00:00.000,3759375,0.66,1450598,0.64,200675,0.63,170610,0.60,28952,0.98,1011491,1.05,6514,0.37
2023-05-06T00:00:00.000,2563102,0.80,934630,0.67,111525,0.94,103318,0.69,18349,1.06,976630,1.02,2584,0.53
2023-05-07T00:00:00.000,2033790,0.85,705419,0.73,92076,0.94,83007,0.80,17822,1.05,902067,1.06,2705,0.77
2023-05-08T00:00:00.000,3563340,0.62,1460932,0.64,198056,0.62,180789,0.63,27771,0.94,935045,0.97,7196,0.41
2023-05-09T00:00:00.000,3925555,0.69,1524892,0.67,221290,0.69,205069,0.72,29923,1.02,955033,0.99,7827,0.45
2023-05-10T00:00:00.000,4014009,0.70,1528140,0.67,221747,0.69,203414,0.71,31360,1.07,981586,1.02,7998,0.46
2023-05-11T00:00:00.000,4015942,0.70,1535264,0.67,210683,0.66,201006,0.70,30899,1.05,1016578,1.06,7619,0.44
2023-05-12T00:00:00.000,3723192,0.65,1436385,0.63,201367,0.63,185027,0.65,29397,1.00,1043802,1.08,6629,0.38
2023-05-13T00:00:00.000,2487178,0.77,918257,0.66,113810,0.96,109940,0.73,18340,1.06,1008311,1.05,1973,0.41
2023-05-14T00:00:00.000,1926966,0.81,690606,0.72,102178,1.05,101088,0.97,20222,1.19,981015,1.15,1654,0.47
2023-05-15T00:00:00.000,3553443,0.62,1440741,0.63,201209,0.63,184909,0.65,25892,0.88,947897,0.98,6956,0.40
2023-05-16T00:00:00.000,4002015,0.70,1519397,0.67,227489,0.71,207484,0.72,29747,1.01,965091,1.00,7930,0.46
2023-05-17T00:00:00.000,4104786,0.72,1518546,0.67,223059,0.70,206630,0.72,30423,1.03,985531,1.02,7118,0.41
2023-05-18T00:00:00.000,4082154,0.71,1492657,0.66,218955,0.69,198433,0.69,29842,1.01,1008886,1.05,7530,0.43
2023-05-19T00:00:00.000,3789929,0.66,1431269,0.63,208310,0.65,181114,0.63,28381,0.97,1024064,1.06,6362,0.37
2023-05-20T00:00:00.000,2314672,0.72,760830,0.55,102957,0.87,95625,0.63,16570,0.96,888784,0.93,1970,0.41
2023-05-21T00:00:00.000,2132724,0.89,727850,0.76,103484,1.06,91335,0.88,17545,1.03,959948,1.13,1919,0.55
2023-05-22T00:00:00.000,3571748,0.62,1446015,0.64,203122,0.64,186008,0.65,27038,0.92,942741,0.98,6935,0.40
2023-05-23T00:00:00.000,3929003,0.69,1500973,0.66,219619,0.69,214621,0.75,29538,1.00,953703,0.99,7928,0.46
2023-05-24T00:00:00.000,3960264,0.69,1499943,0.66,219886,0.69,208487,0.73,30495,1.04,983724,1.02,7667,0.44
2023-05-25T00:00:00.000,3859385,0.67,1459601,0.64,215946,0.68,201855,0.71,29311,1.00,1007341,1.05,7183,0.41
2023-05-26T00:00:00.000,3496511,0.61,1370252,0.60,207347,0.65,187188,0.65,27037,0.92,994185,1.03,5747,0.33
2023-05-27T00:00:00.000,2375741,0.74,848442,0.61,116439,0.98,120011,0.80,16731,0.97,925766,0.97,2913,0.60
2023-05-28T00:00:00.000,2029088,0.85,707787,0.73,102985,1.06,102009,0.98,17527,1.03,906089,1.06,2426,0.69
2023-05-29T00:00:00.000,1952779,0.82,758893,0.79,99456,1.02,86149,0.83,12121,0.71,836613,0.98,2520,0.72
2023-05-30T00:00:00.000,3714864,0.65,1438285,0.63,227623,0.71,205661,0.72,27645,0.94,959824,1.00,7398,0.43
2023-05-31T00:00:00.000,3911382,0.68,1480801,0.65,229227,0.72,211998,0.74,30078,1.02,971602,1.01,7691,0.44
2023-06-01T00:00:00.000,3894167,0.69,1457503,0.68,210483,0.63,191410,0.65,30088,1.03,1006107,1.02,7152,0.44
2023-06-02T00:00:00.000,3626490,0.65,1399462,0.65,202543,0.61,170399,0.58,29570,1.01,1011244,1.03,6470,0.40
2023-06-03T00:00:00.000,2411704,0.75,899212,0.64,115723,0.94,102668,0.65,18118,1.05,958346,0.97,1837,0.36
2023-06-04T00:00:00.000,1988330,0.76,714218,0.66,103120,1.05,88859,0.81,18429,1.02,931347,1.01,1573,0.40
2023-06-05T00:00:00.000,3544106,0.63,1432156,0.67,200806,0.60,183510,0.62,27920,0.95,938818,0.95,6892,0.43
2023-06-06T00:00:00.000,3929131,0.70,1474317,0.69,218376,0.66,213292,0.72,29999,1.02,945555,0.96,7795,0.48
2023-06-07T00:00:00.000,3743889,0.67,1390834,0.65,212982,0.64,202951,0.69,31147,1.06,941798,0.96,7334,0.45
2023-06-08T00:00:00.000,3268529,0.58,1216291,0.57,189487,0.57,176985,0.60,27689,0.95,932162,0.95,5503,0.34
2023-06-09T00:00:00.000,3425232,0.61,1256670,0.58,214001,0.64,185677,0.63,25845,0.88,1005974,1.02,5482,0.34
2023-06-10T00:00:00.000,2608756,0.81,892936,0.64,139304,1.13,117616,0.74,17996,1.04,991238,1.01,1978,0.39
2023-06-11T00:00:00.000,2075651,0.79,695200,0.64,106971,1.09,98115,0.90,17958,0.99,976811,1.06,1582,0.41
2023-06-12T00:00:00.000,3479404,0.62,1394575,0.65,202015,0.61,185343,0.63,27520,0.94,939370,0.96,6744,0.42
2023-06-13T00:00:00.000,3968160,0.71,1500122,0.70,233588,0.70,212364,0.72,30441,1.04,971010,0.99,7850,0.48
2023-06-14T00:00:00.000,3893073,0.69,1434687,0.67,235667,0.71,207746,0.70,30661,1.05,971437,0.99,7234,0.45
2023-06-15T00:00:00.000,3928393,0.70,1475300,0.69,228608,0.69,206188,0.70,31298,1.07,1028832,1.05,7390,0.46
2023-06-16T00:00:00.000,3395938,0.61,1300751,0.61,214883,0.65,177916,0.60,28693,0.98,1025514,1.04,5960,0.37
2023-06-17T00:00:00.000,2399521,0.74,872453,0.62,138654,1.13,111460,0.70,17967,1.04,1000053,1.02,2632,0.52
2023-06-18T00:00:00.000,1977582,0.76,707615,0.65,119996,1.22,95597,0.88,19384,1.07,971860,1.05,2029,0.52
2023-06-19T00:00:00.000,2636887,1.01,1075747,0.99,196645,2.00,168591,1.54,17494,0.97,964071,1.04,4094,1.05
2023-06-20T00:00:00.000,3782810,0.67,1434258,0.67,235806,0.71,224371,0.76,29482,1.01,979074,1.00,7540,0.47
2023-06-21T00:00:00.000,3902298,0.70,1430476,0.67,242162,0.73,221141,0.75,31019,1.06,999201,1.02,7551,0.47
2023-06-22T00:00:00.000,3782472,0.67,1367709,0.64,233588,0.70,208969,0.71,29220,1.00,1013372,1.03,6956,0.43
2023-06-23T00:00:00.000,3470575,0.62,1282954,0.60,222283,0.67,188373,0.64,28619,0.98,1022942,1.04,6167,0.38
2023-06-24T00:00:00.000,2467994,0.77,844674,0.60,128075,1.04,109217,0.69,16937,0.98,951605,0.97,2551,0.50
2023-06-25T00:00:00.000,2222704,0.85,689020,0.63,123527,1.25,113238,1.04,17103,0.95,948428,1.03,2248,0.58
2023-06-26T00:00:00.000,3341322,0.60,1314743,0.61,218393,0.66,185070,0.63,26823,0.92,962862,0.98,6516,0.40
2023-06-27T00:00:00.000,3744227,0.67,1391914,0.65,231738,0.70,209234,0.71,29246,1.00,969784,0.99,7633,0.47
2023-06-28T00:00:00.000,3634270,0.65,1305832,0.61,233457,0.70,207293,0.70,29092,0.99,988315,1.01,6762,0.42
2023-06-29T00:00:00.000,3653631,0.65,1307649,0.61,233625,0.70,200724,0.68,28876,0.99,1036568,1.05,6946,0.43
2023-06-30T00:00:00.000,3259767,0.58,1248822,0.58,219673,0.66,178064,0.60,28028,0.96,1043286,1.06,5817,0.36
2023-07-01T00:00:00.000,2239529,0.79,859295,0.64,120270,0.94,99597,0.64,17093,1.08,956890,1.03,2745,0.54
2023-07-02T00:00:00.000,1783757,0.76,668297,0.61,92780,0.89,74415,0.70,16717,1.01,832828,0.94,1988,0.56
2023-07-03T00:00:00.000,2662052,0.50,1117930,0.54,149641,0.47,128417,0.45,23795,0.84,860662,0.90,4718,0.34
2023-07-04T00:00:00.000,1791179,0.77,631937,0.58,96458,0.92,84010,0.79,13059,0.79,715453,0.81,2305,0.65
2023-07-05T00:00:00.000,3318379,0.63,1296583,0.63,211448,0.67,189434,0.67,28774,1.01,963342,1.00,6472,0.47
2023-07-06T00:00:00.000,3494806,0.66,1333630,0.64,209335,0.66,186822,0.66,29894,1.05,959636,1.00,6608,0.48
2023-07-07T00:00:00.000,3292266,0.62,1273900,0.61,197892,0.62,171597,0.61,28609,1.01,977009,1.02,5868,0.43
2023-07-08T00:00:00.000,2308794,0.82,867047,0.64,120931,0.95,107854,0.70,17879,1.13,949008,1.03,2695,0.53
2023-07-09T00:00:00.000,1776607,0.76,651953,0.59,95243,0.91,83783,0.79,16695,1.01,869686,0.98,1914,0.54
2023-07-10T00:00:00.000,3208730,0.61,1307297,0.63,196506,0.62,171497,0.61,27354,0.96,925569,0.96,6175,0.45
2023-07-11T00:00:00.000,3613670,0.68,1381701,0.67,221923,0.70,200151,0.71,30085,1.06,952112,0.99,7149,0.52
2023-07-12T00:00:00.000,3696737,0.70,1383484,0.67,218097,0.69,199169,0.70,31015,1.09,977898,1.02,6901,0.50
2023-07-13T00:00:00.000,3648007,0.69,1359302,0.66,218715,0.69,190952,0.67,29980,1.06,990761,1.03,6888,0.50
2023-07-14T00:00:00.000,3209393,0.61,1231624,0.59,198119,0.63,163840,0.58,28489,1.00,986748,1.03,5588,0.41
2023-07-15T00:00:00.000,2326054,0.82,889709,0.66,124007,0.97,107124,0.69,18043,1.14,983132,1.06,2409,0.47
2023-07-16T00:00:00.000,1599858,0.68,583645,0.53,89763,0.86,72406,0.68,16496,1.00,817659,0.92,1559,0.44
2023-07-17T00:00:00.000,3282092,0.62,1310810,0.63,205378,0.65,182216,0.64,27637,0.97,964710,1.00,6345,0.46
2023-07-18T00:00:00.000,3584819,0.68,1313665,0.63,225299,0.71,204203,0.72,29105,1.03,944208,0.98,6766,0.49
2023-07-19T00:00:00.000,3679343,0.70,1342781,0.65,224202,0.71,203857,0.72,30527,1.08,969944,1.01,6938,0.50
2023-07-20T00:00:00.000,3711017,0.70,1333607,0.64,224327,0.71,197400,0.70,29745,1.05,1004167,1.04,6858,0.50
2023-07-21T00:00:00.000,3227154,0.61,1211839,0.58,201177,0.64,176892,0.62,27485,0.97,1000836,1.04,5389,0.39
2023-07-22T00:00:00.000,2459990,0.87,894490,0.66,133328,1.04,93215,0.60,18283,1.15,1005606,1.09,2117,0.42
2023-07-23T00:00:00.000,1984503,0.85,723774,0.66,116485,1.11,94729,0.89,18021,1.09,988636,1.12,1511,0.42
2023-07-24T00:00:00.000,3255379,0.62,1302964,0.63,206025,0.65,180716,0.64,27222,0.96,948855,0.99,6175,0.45
2023-07-25T00:00:00.000,3630414,0.69,1307716,0.63,226651,0.72,211053,0.75,29285,1.03,939926,0.98,7050,0.51
2023-07-26T00:00:00.000,3758378,0.71,1382345,0.67,226363,0.71,210315,0.74,30501,1.08,977673,1.02,7298,0.53
2023-07-27T00:00:00.000,3580012,0.68,1313385,0.63,219460,0.69,187729,0.66,28692,1.01,973315,1.01,6788,0.49
2023-07-28T00:00:00.000,3266199,0.62,1246295,0.60,205845,0.65,170128,0.60,27522,0.97,1023958,1.07,5631,0.41
2023-07-29T00:00:00.000,2251524,0.80,856921,0.63,120457,0.94,100508,0.65,16747,1.05,957063,1.04,2314,0.45
2023-07-30T00:00:00.000,1952433,0.83,705279,0.64,116784,1.11,91861,0.87,17450,1.06,989071,1.12,2077,0.58
2023-07-31T00:00:00.000,3204920,0.61,1283835,0.62,205976,0.65,185348,0.65,26682,0.94,969712,1.01,6161,0.45
2023-08-01T00:00:00.000,3598379,0.70,1357252,0.67,221518,0.71,199547,0.73,29354,1.05,954649,0.98,7060,0.53
2023-08-02T00:00:00.000,3640307,0.71,1359233,0.67,219641,0.70,201003,0.74,30380,1.09,964978,0.99,6913,0.52
2023-08-03T00:00:00.000,3609076,0.70,1350472,0.67,220565,0.71,197044,0.72,30483,1.09,994978,1.02,6753,0.50
2023-08-04T00:00:00.000,3228510,0.63,1241122,0.61,193528,0.62,171533,0.63,28128,1.01,987994,1.02,5593,0.42
2023-08-05T00:00:00.000,2364364,0.80,879423,0.64,122596,0.92,114660,0.76,18835,1.13,969702,1.01,2838,0.60
2023-08-06T00:00:00.000,1910841,0.80,715130,0.65,107399,1.03,96010,0.92,18805,1.05,956499,1.04,2171,0.60
2023-08-07T00:00:00.000,3041001,0.59,1208443,0.60,191530,0.61,163799,0.60,27174,0.97,901342,0.93,5884,0.44
2023-08-08T00:00:00.000,3510047,0.68,1339073,0.66,218555,0.70,193867,0.71,29435,1.05,933802,0.96,7035,0.53
2023-08-09T00:00:00.000,3613062,0.70,1369095,0.68,224241,0.72,192028,0.70,30849,1.10,960119,0.99,6858,0.51
2023-08-10T00:00:00.000,3429304,0.67,1262073,0.63,208782,0.67,178768,0.66,29758,1.07,956875,0.98,6333,0.47
2023-08-11T00:00:00.000,3311714,0.64,1275618,0.63,206947,0.66,171116,0.63,29109,1.04,1018825,1.05,6119,0.46
2023-08-12T00:00:00.000,2366787,0.81,844749,0.61,131586,0.99,109269,0.72,18390,1.11,970527,1.01,2835,0.60
2023-08-13T00:00:00.000,1953558,0.82,690541,0.62,112932,1.09,93730,0.90,18071,1.01,965362,1.05,2196,0.61
2023-08-14T00:00:00.000,3092801,0.60,1246445,0.62,201352,0.64,168873,0.62,27185,0.97,939920,0.97,6051,0.45
2023-08-15T00:00:00.000,3385996,0.66,1273782,0.63,212116,0.68,187441,0.69,29122,1.04,924053,0.95,6680,0.50
2023-08-16T00:00:00.000,3447648,0.67,1300953,0.64,217398,0.70,190267,0.70,30763,1.10,956351,0.98,6652,0.50
2023-08-17T00:00:00.000,3385056,0.66,1275993,0.63,212321,0.68,180631,0.66,30045,1.08,975018,1.00,6360,0.48
2023-08-18T00:00:00.000,3182516,0.62,1208502,0.60,208639,0.67,174410,0.64,27468,0.98,999976,1.03,5361,0.40
2023-08-19T00:00:00.000,2358962,0.80,856814,0.62,144076,1.08,124069,0.82,19246,1.16,983353,1.03,2665,0.57
2023-08-20T00:00:00.000,1870625,0.79,689829,0.62,101351,0.97,94332,0.91,18004,1.00,958807,1.04,2065,0.58
2023-08-21T00:00:00.000,2971166,0.58,1199440,0.59,198534,0.63,170102,0.62,26325,0.94,929844,0.96,5857,0.44
2023-08-22T00:00:00.000,3352769,0.65,1263459,0.63,213724,0.68,194321,0.71,28913,1.04,928605,0.96,6463,0.48
2023-08-23T00:00:00.000,3412842,0.66,1272485,0.63,215258,0.69,192053,0.70,30187,1.08,954470,0.98,6566,0.49
2023-08-24T00:00:00.000,3297927,0.64,1201155,0.60,204439,0.65,176827,0.65,28689,1.03,958830,0.99,6191,0.46
2023-08-25T00:00:00.000,3034255,0.59,1143010,0.57,191119,0.61,153854,0.56,26511,0.95,953126,0.98,4891,0.37
2023-08-26T00:00:00.000,2281885,0.78,844428,0.61,122930,0.92,100194,0.66,18024,1.08,954892,1.00,2700,0.57
2023-08-27T00:00:00.000,1909806,0.80,702984,0.64,106913,1.03,85878,0.83,18022,1.00,943519,1.03,2088,0.58
2023-08-28T00:00:00.000,3121505,0.61,1240688,0.61,215843,0.69,170897,0.63,26613,0.95,932328,0.96,6179,0.46
2023-08-29T00:00:00.000,3401088,0.66,1284953,0.64,235092,0.75,189077,0.69,28250,1.01,930248,0.96,6677,0.50
2023-08-30T00:00:00.000,3462970,0.67,1267435,0.63,230912,0.74,180304,0.66,29450,1.05,959898,0.99,6639,0.50
2023-08-31T00:00:00.000,3450532,0.67,1315113,0.65,229477,0.73,176676,0.65,29312,1.05,1017088,1.05,6537,0.49
2023-09-01T00:00:00.000,3196284,0.55,1225370,0.53,202450,0.62,152974,0.53,28920,0.97,1025352,1.08,5372,0.31
2023-09-02T00:00:00.000,2307416,0.72,842591,0.60,132551,1.12,107230,0.70,18536,1.08,939962,0.98,2633,0.64
2023-09-03T00:00:00.000,2013506,0.79,692079,0.63,119566,1.21,90729,0.86,19598,1.14,939811,1.06,2185,0.75
2023-09-04T00:00:00.000,1879819,0.74,686326,0.62,114475,1.15,87538,0.83,12292,0.72,856049,0.97,2188,0.75
2023-09-05T00:00:00.000,3483755,0.60,1349438,0.58,239334,0.73,218899,0.76,29869,1.01,969997,1.02,6739,0.39
2023-09-06T00:00:00.000,3712071,0.64,1395521,0.60,238477,0.73,211126,0.73,32290,1.09,963978,1.01,6909,0.40
2023-09-07T00:00:00.000,3867746,0.67,1441437,0.62,226937,0.69,206910,0.72,31704,1.07,981360,1.03,7044,0.41
2023-09-08T00:00:00.000,3609701,0.63,1365283,0.59,225125,0.69,183785,0.64,30083,1.01,1015782,1.07,6257,0.37
2023-09-09T00:00:00.000,2425515,0.75,840378,0.60,125177,1.06,102373,0.67,17897,1.04,953082,1.00,2575,0.62
2023-09-10T00:00:00.000,1822230,0.72,626222,0.57,96835,0.98,81850,0.78,17916,1.04,870988,0.98,1623,0.55
2023-09-11T00:00:00.000,3596538,0.62,1400268,0.60,213280,0.65,191592,0.66,29057,0.98,911493,0.96,7182,0.42
2023-09-12T00:00:00.000,4014480,0.70,1519571,0.65,241196,0.74,221092,0.77,31779,1.07,955533,1.00,8031,0.47
2023-09-13T00:00:00.000,3938516,0.68,1482320,0.64,229765,0.70,210001,0.73,31900,1.07,936338,0.98,7787,0.46
2023-09-14T00:00:00.000,4045169,0.70,1517040,0.65,232039,0.71,206374,0.72,32717,1.10,989072,1.04,7847,0.46
2023-09-15T00:00:00.000,3694845,0.64,1398937,0.60,225904,0.69,192398,0.67,30957,1.04,1022344,1.07,6429,0.38
2023-09-16T00:00:00.000,2446139,0.76,881354,0.63,117997,1.00,115065,0.75,18923,1.10,972924,1.02,2864,0.69
2023-09-17T00:00:00.000,1988003,0.78,666392,0.60,107302,1.08,96229,0.92,18330,1.07,902993,1.02,2197,0.75
2023-09-18T00:00:00.000,3539047,0.61,1294777,0.56,215151,0.66,192103,0.67,28341,0.95,876621,0.92,7010,0.41
2023-09-19T00:00:00.000,4140301,0.72,1480863,0.64,241135,0.74,224426,0.78,31109,1.05,934708,0.98,8652,0.51
2023-09-20T00:00:00.000,4179861,0.72,1478618,0.64,242203,0.74,219540,0.76,32181,1.08,958671,1.01,8671,0.51
2023-09-21T00:00:00.000,4139288,0.72,1478606,0.64,232409,0.71,211375,0.73,31455,1.06,978561,1.03,8554,0.50
2023-09-22T00:00:00.000,3840412,0.67,1403811,0.60,223821,0.68,194197,0.67,30086,1.01,1020253,1.07,7175,0.42
2023-09-23T00:00:00.000,2116140,0.66,682092,0.49,96073,0.81,86985,0.57,15680,0.92,803480,0.84,2012,0.49
2023-09-24T00:00:00.000,1701656,0.67,562224,0.51,83669,0.84,75103,0.71,15255,0.89,742634,0.84,1863,0.64
2023-09-25T00:00:00.000,2885921,0.50,1035021,0.45,194611,0.59,175651,0.61,24609,0.83,812779,0.85,5320,0.31
2023-09-26T00:00:00.000,3946624,0.68,1393963,0.60,235620,0.72,214987,0.75,30558,1.03,909652,0.95,7655,0.45
2023-09-27T00:00:00.000,4074930,0.71,1463309,0.63,232823,0.71,212978,0.74,32758,1.10,943929,0.99,7877,0.46
2023-09-28T00:00:00.000,4051444,0.70,1433729,0.62,227819,0.70,201304,0.70,31804,1.07,965165,1.01,7587,0.44
2023-09-29T00:00:00.000,2467295,0.43,1053306,0.45,188008,0.57,128570,0.45,29054,0.98,826445,0.87,5183,0.30
2023-09-30T00:00:00.000,2205573,0.68,789587,0.56,104842,0.89,100703,0.66,16536,0.97,864863,0.91,1936,0.47
2023-10-01T00:00:00.000,1995361,0.81,669243,0.67,94222,1.03,92724,0.88,18586,1.01,898064,1.06,1984,0.53
2023-10-02T00:00:00.000,3649389,0.63,1390842,0.62,208901,0.66,183892,0.63,28672,0.96,931216,1.00,7289,0.41
2023-10-03T00:00:00.000,4008201,0.70,1471939,0.65,235305,0.75,214111,0.74,32295,1.08,937269,1.01,7953,0.45
2023-10-04T00:00:00.000,4026878,0.70,1467384,0.65,231999,0.74,209399,0.72,33186,1.11,949285,1.02,7928,0.44
2023-10-05T00:00:00.000,4030304,0.70,1457151,0.65,233470,0.74,207356,0.71,32414,1.09,973371,1.05,7814,0.44
2023-10-06T00:00:00.000,3639729,0.63,1325428,0.59,225040,0.72,193065,0.66,30643,1.03,1000568,1.08,6284,0.35
2023-10-07T00:00:00.000,2199478,0.66,720734,0.52,105975,0.93,95026,0.62,16919,0.96,842763,0.89,2010,0.44
2023-10-08T00:00:00.000,2044534,0.83,654443,0.65,98315,1.08,105952,1.01,18471,1.01,896319,1.06,2722,0.72
2023-10-09T00:00:00.000,2833654,0.49,1023375,0.45,206491,0.66,189567,0.65,21655,0.73,905490,0.98,4576,0.26
2023-10-10T00:00:00.000,3954925,0.69,1423532,0.63,239967,0.76,220445,0.76,31970,1.07,935467,1.01,8356,0.47
2023-10-11T00:00:00.000,4056504,0.71,1451764,0.64,236033,0.75,214437,0.74,33382,1.12,950384,1.02,8630,0.48
2023-10-12T00:00:00.000,4104598,0.71,1436967,0.64,248974,0.79,215284,0.74,32865,1.10,988904,1.07,8255,0.46
2023-10-13T00:00:00.000,3560964,0.62,1322576,0.59,226873,0.72,193658,0.67,31134,1.05,1002148,1.08,6429,0.36
2023-10-14T00:00:00.000,2219786,0.67,717223,0.52,110177,0.97,96158,0.63,17155,0.97,873287,0.92,2298,0.50
2023-10-15T00:00:00.000,2013096,0.82,689581,0.69,102493,1.13,100633,0.96,18455,1.00,911179,1.08,2148,0.57
2023-10-16T00:00:00.000,3661144,0.64,1381665,0.61,228147,0.73,203627,0.70,29453,0.99,925864,1.00,7735,0.43
2023-10-17T00:00:00.000,4021342,0.70,1439468,0.64,243917,0.78,222110,0.76,31921,1.07,944335,1.02,8354,0.47
2023-10-18T00:00:00.000,4074460,0.71,1440292,0.64,236072,0.75,213952,0.74,33615,1.13,948559,1.02,8356,0.47
2023-10-19T00:00:00.000,4121563,0.72,1440111,0.64,234999,0.75,212946,0.73,32909,1.11,986310,1.06,8148,0.46
2023-10-20T00:00:00.000,3616336,0.63,1232782,0.55,222385,0.71,192383,0.66,29766,1.00,961759,1.04,6272,0.35
2023-10-21T00:00:00.000,2438387,0.73,793917,0.57,113139,1.00,101963,0.67,17530,0.99,907106,0.96,2464,0.54
2023-10-22T00:00:00.000,1983271,0.81,678536,0.68,98471,1.08,93659,0.89,18954,1.03,928307,1.10,2021,0.54
2023-10-23T00:00:00.000,3667240,0.64,1375311,0.61,221569,0.70,199199,0.68,29261,0.98,925334,1.00,7615,0.43
2023-10-24T00:00:00.000,4040571,0.70,1431006,0.63,241544,0.77,218201,0.75,31757,1.07,932897,1.01,8176,0.46
2023-10-25T00:00:00.000,4120011,0.72,1443766,0.64,237292,0.75,217420,0.75,32821,1.10,947018,1.02,8368,0.47
2023-10-26T00:00:00.000,4142420,0.72,1431016,0.63,242021,0.77,215171,0.74,32549,1.09,985290,1.06,8147,0.46
2023-10-27T00:00:00.000,3853546,0.67,1348576,0.60,229895,0.73,203068,0.70,31164,1.05,1027312,1.11,6705,0.38
2023-10-28T00:00:00.000,2743759,0.82,874941,0.63,124172,1.09,139276,0.91,20126,1.14,1019478,1.08,2995,0.66
2023-10-29T00:00:00.000,1834459,0.75,589929,0.59,86843,0.95,80705,0.77,18145,0.99,871500,1.03,1766,0.47
2023-10-30T00:00:00.000,3623778,0.63,1314380,0.58,225140,0.72,197550,0.68,29075,0.98,893690,0.96,7287,0.41
2023-10-31T00:00:00.000,4016482,0.70,1334020,0.59,224816,0.72,203951,0.70,30712,1.03,873724,0.94,7789,0.44
2023-11-01T00:00:00.000,4043524,0.72,1369637,0.63,226067,0.69,208249,0.73,32374,1.04,927384,0.98,8010,0.47
2023-11-02T00:00:00.000,4082807,0.72,1380510,0.63,231370,0.70,206350,0.72,32242,1.03,953269,1.01,7997,0.47
2023-11-03T00:00:00.000,3808235,0.68,1307247,0.60,218703,0.67,193580,0.68,31816,1.02,980512,1.04,6755,0.40
2023-11-04T00:00:00.000,2588115,0.82,832986,0.63,122433,1.06,123922,0.82,19920,1.18,945189,1.04,2582,0.74
2023-11-05T00:00:00.000,2310457,0.92,614666,0.62,109258,1.16,109891,1.06,16889,0.90,791269,0.96,3407,1.11
2023-11-06T00:00:00.000,3686141,0.65,1349481,0.62,225898,0.69,198934,0.70,30167,0.97,923453,0.98,7474,0.44
2023-11-07T00:00:00.000,3655078,0.65,1270763,0.58,238656,0.73,215344,0.75,30843,0.99,891546,0.94,6785,0.40
2023-11-08T00:00:00.000,4066029,0.72,1401268,0.64,238727,0.73,213738,0.75,33515,1.07,937630,0.99,8306,0.49
2023-11-09T00:00:00.000,4020939,0.71,1376822,0.63,235844,0.72,210130,0.73,32982,1.06,980310,1.04,7929,0.47
2023-11-10T00:00:00.000,3611367,1.43,1250528,1.26,224512,2.37,200669,1.93,25506,1.35,974996,1.18,5596,1.82
2023-11-11T00:00:00.000,2588540,0.82,817146,0.62,122170,1.06,118398,0.78,18654,1.10,939492,1.03,2712,0.78
2023-11-12T00:00:00.000,1947270,0.77,642431,0.64,99171,1.05,91623,0.88,19187,1.02,891716,1.08,1958,0.64
2023-11-13T00:00:00.000,3597029,0.64,1320693,0.60,225204,0.69,194691,0.68,30479,0.98,907109,0.96,7353,0.43
2023-11-14T00:00:00.000,3991767,0.71,1382768,0.63,235487,0.72,214218,0.75,33027,1.06,921728,0.98,8271,0.49
2023-11-15T00:00:00.000,4036442,0.72,1389217,0.63,235718,0.72,214486,0.75,34166,1.09,941983,1.00,8322,0.49
2023-11-16T00:00:00.000,4048862,0.72,1391273,0.64,235070,0.72,207671,0.73,34102,1.09,978274,1.04,8010,0.47
2023-11-17T00:00:00.000,3741391,0.66,1303240,0.60,227909,0.69,201231,0.70,31496,1.01,999520,1.06,6792,0.40
2023-11-18T00:00:00.000,2477547,0.78,831053,0.63,124053,1.08,120273,0.80,19452,1.15,946515,1.04,2630,0.76
2023-11-19T00:00:00.000,1943926,0.77,657965,0.66,100792,1.07,100924,0.97,19835,1.05,867625,1.05,2058,0.67
2023-11-20T00:00:00.000,3647283,0.65,1300978,0.59,228502,0.70,203599,0.71,30889,0.99,925548,0.98,7426,0.44
2023-11-21T00:00:00.000,3774952,0.67,1254277,0.57,236079,0.72,213162,0.74,32139,1.03,977248,1.04,7467,0.44
2023-11-22T00:00:00.000,3378351,0.60,1160847,0.53,254968,0.78,220030,0.77,28409,0.91,985528,1.04,6524,0.38
2023-11-23T00:00:00.000,1628385,0.65,471662,0.47,116969,1.24,107690,1.03,21741,1.15,898291,1.09,2257,0.74
2023-11-24T00:00:00.000,2457591,0.97,807221,0.81,215833,2.28,197178,1.89,15381,0.82,818916,0.99,3718,1.21
2023-11-25T00:00:00.000,2123590,0.67,696466,0.53,124716,1.08,117682,0.78,14245,0.84,866561,0.95,2454,0.71
2023-11-26T00:00:00.000,1686490,0.67,566395,0.57,101486,1.07,95729,0.92,16900,0.90,864505,1.05,1834,0.60
2023-11-27T00:00:00.000,3523494,0.63,1253990,0.57,228127,0.69,200017,0.70,29418,0.94,921303,0.98,7294,0.43
2023-11-28T00:00:00.000,3916476,0.69,1279327,0.58,234794,0.72,216450,0.76,31716,1.02,914381,0.97,7835,0.46
2023-11-29T00:00:00.000,4032882,0.72,1268990,0.58,234738,0.71,212929,0.74,32809,1.05,915384,0.97,7851,0.46
2023-11-30T00:00:00.000,4072271,0.72,1340370,0.61,236142,0.72,210592,0.74,32650,1.05,945909,1.00,7737,0.45
2023-12-01T00:00:00.000,3723171,0.70,1226677,0.61,185151,0.59,164628,0.59,31284,1.07,947287,1.07,6432,0.41
2023-12-02T00:00:00.000,2748170,0.83,826725,0.65,126374,0.99,125483,0.80,19675,1.14,903346,1.02,2618,0.53
2023-12-03T00:00:00.000,1827959,0.72,553618,0.57,87340,0.82,76999,0.72,18450,1.03,778118,0.98,1633,0.48
2023-12-04T00:00:00.000,3709458,0.69,1312507,0.66,223257,0.71,201080,0.72,30841,1.06,900224,1.02,7559,0.48
2023-12-05T00:00:00.000,3991835,0.75,1346216,0.67,243329,0.77,224065,0.80,33235,1.14,914419,1.03,7964,0.51
2023-12-06T00:00:00.000,4116059,0.77,1350594,0.67,230920,0.73,211076,0.76,33502,1.15,936802,1.06,7951,0.51
2023-12-07T00:00:00.000,4088438,0.77,1314833,0.66,231114,0.73,204586,0.73,32511,1.12,960536,1.08,7424,0.48
2023-12-08T00:00:00.000,3863961,0.72,1261796,0.63,225208,0.71,198539,0.71,31875,1.09,972091,1.10,6435,0.41
2023-12-09T00:00:00.000,2922085,0.88,828894,0.65,156237,1.22,147745,0.94,20580,1.19,944411,1.07,3181,0.64
2023-12-10T00:00:00.000,1838048,0.72,539117,0.55,90884,0.85,82225,0.77,17542,0.98,779314,0.98,1648,0.49
2023-12-11T00:00:00.000,3642743,0.68,1213923,0.61,219022,0.69,191110,0.69,29271,1.00,894318,1.01,6949,0.45
2023-12-12T00:00:00.000,4051574,0.76,1309303,0.65,236348,0.75,219393,0.79,33458,1.15,935591,1.06,7655,0.49
2023-12-13T00:00:00.000,4067457,0.76,1314167,0.66,238451,0.75,215546,0.77,34323,1.18,959767,1.08,7859,0.50
2023-12-14T00:00:00.000,4122091,0.77,1296909,0.65,236516,0.75,213415,0.77,33406,1.15,988876,1.12,7414,0.48
2023-12-15T00:00:00.000,3845234,0.72,1246465,0.62,235800,0.75,208572,0.75,32517,1.12,1011336,1.14,6540,0.42
2023-12-16T00:00:00.000,2866544,0.86,814457,0.64,149340,1.17,149013,0.95,20483,1.19,972314,1.10,3085,0.62
2023-12-17T00:00:00.000,1954707,0.77,569005,0.58,96415,0.90,88502,0.82,18445,1.03,809015,1.02,1787,0.53
2023-12-18T00:00:00.000,3314782,0.62,1082334,0.54,201289,0.64,174850,0.63,28309,0.97,809201,0.91,5381,0.34
2023-12-19T00:00:00.000,3912934,0.73,1275002,0.64,244031,0.77,213625,0.77,32542,1.12,946648,1.07,7555,0.48
2023-12-20T00:00:00.000,3838407,0.72,1245547,0.62,236060,0.75,206420,0.74,33205,1.14,964384,1.09,7363,0.47
2023-12-21T00:00:00.000,3675448,0.69,1200899,0.60,229252,0.73,199411,0.71,31713,1.09,976632,1.10,6860,0.44
2023-12-22T00:00:00.000,3372318,0.63,1110555,0.55,231036,0.73,206169,0.74,29324,1.01,979372,1.11,5878,0.38
2023-12-23T00:00:00.000,2244175,0.68,708808,0.56,139904,1.09,130053,0.83,17627,1.02,876791,0.99,2700,0.54
2023-12-24T00:00:00.000,1657096,0.65,549448,0.56,92540,0.87,77874,0.72,20241,1.14,793031,1.00,1912,0.56
2023-12-25T00:00:00.000,1273729,0.50,381879,0.39,80587,0.76,65350,0.61,14750,0.83,748318,0.94,1668,0.49
2023-12-26T00:00:00.000,2668642,0.50,906670,0.45,219149,0.69,192910,0.69,20706,0.71,867072,0.98,5158,0.33
2023-12-27T00:00:00.000,2912007,0.55,955890,0.48,220010,0.70,186541,0.67,25945,0.89,881140,0.99,5373,0.34
2023-12-28T00:00:00.000,3064841,0.57,969231,0.48,218546,0.69,193235,0.69,26462,0.91,887521,1.00,5395,0.35
2023-12-29T00:00:00.000,3198885,0.60,1007697,0.50,237781,0.75,210361,0.75,26892,0.92,909062,1.03,5784,0.37
2023-12-30T00:00:00.000,2440211,0.74,720564,0.57,121688,0.95,121647,0.77,16983,0.99,833538,0.94,2780,0.56
2023-12-31T00:00:00.000,1934651,0.76,548344,0.56,99817,0.94,89554,0.83,20005,1.12,671873,0.84,2029,0.60
2024-01-01T00:00:00.000,1648734,0.79,455965,0.50,82811,1.00,73957,0.82,9165,0.68,730489,1.07,2018,0.74
2024-01-02T00:00:00.000,3290639,0.64,1091104,0.53,209680,0.69,184978,0.69,25961,0.92,829660,0.95,7107,0.43
2024-01-03T00:00:00.000,3555082,0.69,1212761,0.59,217373,0.72,194441,0.72,31304,1.11,856822,0.99,7565,0.46
2024-01-04T00:00:00.000,3560703,0.69,1242971,0.61,212217,0.70,190588,0.71,31233,1.10,867791,1.00,7450,0.45
2024-01-05T00:00:00.000,3263064,0.63,1185046,0.58,199441,0.66,173362,0.64,30480,1.08,886766,1.02,5963,0.36
2024-01-06T00:00:00.000,1942458,0.72,684686,0.57,92741,0.95,82890,0.64,15850,1.09,721283,0.94,2070,0.50
2024-01-07T00:00:00.000,1472438,0.70,502518,0.55,72971,0.88,57280,0.63,13723,1.02,566397,0.83,1533,0.56
2024-01-08T00:00:00.000,3303727,0.64,1226783,0.60,208960,0.69,184150,0.68,28890,1.02,844853,0.97,7001,0.43
2024-01-09T00:00:00.000,3353192,0.65,1135694,0.55,213699,0.71,188888,0.70,30430,1.08,780334,0.90,6944,0.42
2024-01-10T00:00:00.000,3557166,0.69,1248493,0.61,217461,0.72,191221,0.71,31338,1.11,844710,0.97,7216,0.44
2024-01-11T00:00:00.000,3688916,0.72,1293940,0.63,229117,0.76,199799,0.74,32790,1.16,921166,1.06,7337,0.45
2024-01-12T00:00:00.000,3365791,0.65,1228696,0.60,207670,0.69,182896,0.68,31096,1.10,930218,1.07,6286,0.38
2024-01-13T00:00:00.000,2167383,0.80,755670,0.63,101558,1.04,97439,0.75,17168,1.18,819900,1.07,2210,0.54
2024-01-14T00:00:00.000,1743556,0.83,588809,0.64,85521,1.03,78197,0.86,18588,1.38,750002,1.10,1745,0.64
2024-01-15T00:00:00.000,2169917,1.04,783032,0.85,91887,1.11,80498,0.89,16502,1.22,816628,1.20,3017,1.10
2024-01-16T00:00:00.000,3235935,0.63,1078860,0.53,205716,0.68,178389,0.66,29826,1.05,712714,0.82,5414,0.33
2024-01-17T00:00:00.000,3616923,0.70,1193111,0.58,217173,0.72,199986,0.74,32054,1.13,863242,0.99,6891,0.42
2024-01-18T00:00:00.000,3655850,0.71,1235693,0.60,217911,0.72,197257,0.73,32318,1.14,896766,1.03,7014,0.43
2024-01-19T00:00:00.000,3176408,0.62,1109408,0.54,191999,0.64,171490,0.64,27175,0.96,793429,0.91,5330,0.33
2024-01-20T00:00:00.000,2024041,0.75,677335,0.57,96128,0.99,82817,0.64,15487,1.07,758923,0.99,1926,0.47
2024-01-21T00:00:00.000,1576126,0.75,548497,0.60,78041,0.94,66955,0.74,17147,1.27,718777,1.05,1482,0.54
2024-01-22T00:00:00.000,3305387,0.64,1210644,0.59,209302,0.69,185181,0.69,30092,1.06,841078,0.97,6558,0.40
2024-01-23T00:00:00.000,3652488,0.71,1264199,0.62,233311,0.77,205300,0.76,33111,1.17,864670,1.00,7194,0.44
2024-01-24T00:00:00.000,3666907,0.71,1247798,0.61,223928,0.74,201969,0.75,33082,1.17,867077,1.00,7027,0.43
2024-01-25T00:00:00.000,3681867,0.72,1256481,0.61,223766,0.74,199560,0.74,32517,1.15,890573,1.02,6845,0.42
2024-01-26T00:00:00.000,3380816,0.66,1193175,0.58,213749,0.71,184511,0.69,31329,1.11,913609,1.05,5681,0.35
2024-01-27T00:00:00.000,2283244,0.84,801262,0.67,117555,1.21,102600,0.79,19099,1.32,853000,1.12,2409,0.59
2024-01-28T00:00:00.000,1549077,0.74,535857,0.58,75177,0.91,66794,0.74,17473,1.29,712530,1.04,1455,0.53
2024-01-29T00:00:00.000,3297571,0.64,1211703,0.59,214890,0.71,187702,0.70,29367,1.04,838882,0.97,6755,0.41
2024-01-30T00:00:00.000,3717520,0.72,1284597,0.63,230931,0.76,207896,0.77,32782,1.16,868230,1.00,7744,0.47
2024-01-31T00:00:00.000,3808584,0.74,1325692,0.65,228148,0.76,204353,0.76,33417,1.18,882805,1.02,7651,0.47
2024-02-01T00:00:00.000,3814682,0.70,1337508,0.62,214275,0.71,189621,0.70,33540,1.14,911954,1.03,7465,0.46
2024-02-02T00:00:00.000,3457807,0.64,1239617,0.58,200395,0.66,174044,0.65,32175,1.09,917639,1.04,6207,0.38
2024-02-03T00:00:00.000,2324038,0.81,808103,0.64,113576,1.21,102310,0.78,20070,1.23,845878,1.02,2357,0.55
2024-02-04T00:00:00.000,1742107,0.79,626299,0.64,86327,1.10,77083,0.85,20480,1.22,790429,1.05,1746,0.62
2024-02-05T00:00:00.000,3481777,0.64,1297578,0.60,218879,0.72,190181,0.71,31372,1.07,855224,0.97,7053,0.44
2024-02-06T00:00:00.000,3857533,0.71,1346868,0.63,233524,0.77,208252,0.77,33618,1.14,880296,1.00,7709,0.48
2024-02-07T00:00:00.000,3900992,0.72,1341486,0.62,229426,0.76,202871,0.75,34799,1.18,896482,1.01,7655,0.47
2024-02-08T00:00:00.000,3903673,0.72,1350925,0.63,232069,0.77,198010,0.74,34386,1.17,937494,1.06,7442,0.46
2024-02-09T00:00:00.000,3547321,0.65,1268268,0.59,218909,0.72,185475,0.69,32233,1.10,953705,1.08,6121,0.38
2024-02-10T00:00:00.000,2385448,0.83,795892,0.63,118074,1.26,99942,0.76,20462,1.26,876746,1.05,2596,0.61
2024-02-11T00:00:00.000,1774698,0.81,628400,0.64,83832,1.07,73614,0.81,20610,1.22,759996,1.01,1769,0.63
2024-02-12T00:00:00.000,3374596,0.62,1254403,0.58,212628,0.70,185118,0.69,30323,1.03,888941,1.01,6132,0.38
2024-02-13T00:00:00.000,2273584,0.42,724893,0.34,166803,0.55,134355,0.50,23271,0.79,480178,0.54,3641,0.23
2024-02-14T00:00:00.000,3963628,0.73,1282121,0.60,230505,0.76,201686,0.75,32796,1.11,909016,1.03,7645,0.47
2024-02-15T00:00:00.000,3874860,0.71,1305830,0.61,228885,0.76,202704,0.75,33402,1.14,948001,1.07,7500,0.46
2024-02-16T00:00:00.000,3504536,0.65,1225865,0.57,210552,0.70,186547,0.69,32442,1.10,962249,1.09,6269,0.39
2024-02-17T00:00:00.000,2178047,0.76,680638,0.54,95271,1.02,92423,0.71,17545,1.08,769698,0.93,2038,0.48
2024-02-18T00:00:00.000,1850840,0.84,604537,0.62,89877,1.15,81659,0.90,18975,1.13,794483,1.05,1720,0.61
2024-02-19T00:00:00.000,2244741,1.02,842548,0.86,96569,1.24,85973,0.94,17585,1.04,814165,1.08,3007,1.07
2024-02-20T00:00:00.000,3490990,0.64,1201850,0.56,233827,0.77,207099,0.77,32208,1.09,895208,1.01,7023,0.43
2024-02-21T00:00:00.000,3591484,0.66,1222440,0.57,230058,0.76,201074,0.75,33590,1.14,892324,1.01,7112,0.44
2024-02-22T00:00:00.000,3588173,0.66,1212903,0.56,225465,0.74,195315,0.73,32702,1.11,924554,1.05,6674,0.41
2024-02-23T00:00:00.000,3219121,0.59,1126271,0.52,208527,0.69,182348,0.68,30262,1.03,916874,1.04,5479,0.34
2024-02-24T00:00:00.000,2308808,0.80,788962,0.62,114816,1.23,98942,0.76,19456,1.20,866204,1.04,2407,0.56
2024-02-25T00:00:00.000,1740477,0.79,608010,0.62,88104,1.13,78248,0.86,19822,1.18,822624,1.09,1800,0.64
2024-02-26T00:00:00.000,3439079,0.63,1275320,0.59,217914,0.72,187542,0.70,30867,1.05,873604,0.99,6969,0.43
2024-02-27T00:00:00.000,3802458,0.70,1332209,0.62,233207,0.77,208042,0.77,33571,1.14,893537,1.01,7659,0.47
2024-02-28T00:00:00.000,3784177,0.70,1290829,0.60,228110,0.75,199671,0.74,33664,1.14,889784,1.01,7428,0.46
2024-02-29T00:00:00.000,3905888,0.72,1334777,0.62,232010,0.77,204828,0.76,33637,1.14,957616,1.08,7295,0.45
2024-03-01T00:00:00.000,3573658,0.64,1276428,0.57,181633,0.58,157348,0.57,33416,1.12,968878,1.05,6220,0.39
2024-03-02T00:00:00.000,2094029,0.68,689029,0.52,98266,0.91,85586,0.63,19380,1.14,823629,0.95,2084,0.41
2024-03-03T00:00:00.000,1961510,0.86,686787,0.69,93906,1.08,85095,0.90,21351,1.21,857039,1.06,1981,0.63
2024-03-04T00:00:00.000,3539671,0.64,1319592,0.59,219565,0.70,188845,0.68,32231,1.08,887009,0.96,7229,0.45
2024-03-05T00:00:00.000,3819514,0.69,1263377,0.56,236999,0.76,204515,0.74,34277,1.15,868487,0.94,7344,0.46
2024-03-06T00:00:00.000,3865589,0.69,1273337,0.57,225080,0.72,198040,0.72,35207,1.18,890058,0.97,7555,0.47
2024-03-07T00:00:00.000,3893731,0.70,1334827,0.60,226926,0.72,197659,0.72,34235,1.15,941815,1.02,7414,0.46
2024-03-08T00:00:00.000,3685219,0.66,1291469,0.58,226372,0.72,192899,0.70,34613,1.16,987695,1.07,6588,0.41
2024-03-09T00:00:00.000,2128635,0.69,747405,0.56,113368,1.05,97183,0.72,19661,1.16,857351,0.98,2174,0.43
2024-03-10T00:00:00.000,1803578,0.79,630566,0.63,90567,1.04,77768,0.82,20080,1.14,818114,1.01,1750,0.56
2024-03-11T00:00:00.000,3497588,0.63,1270081,0.57,218755,0.70,188108,0.68,31600,1.06,869087,0.94,6854,0.43
2024-03-12T00:00:00.000,3988438,0.72,1370319,0.61,239002,0.76,213584,0.77,34978,1.18,911441,0.99,7820,0.49
2024-03-13T00:00:00.000,4024943,0.72,1377062,0.61,237603,0.76,212582,0.77,36469,1.23,937527,1.02,8100,0.51
2024-03-14T00:00:00.000,4049186,0.73,1368263,0.61,240124,0.77,211962,0.77,36111,1.21,970105,1.05,7658,0.48
2024-03-15T00:00:00.000,3643013,0.65,1275542,0.57,227481,0.73,199285,0.72,33266,1.12,986807,1.07,6558,0.41
2024-03-16T00:00:00.000,2553056,0.83,838318,0.63,138156,1.28,129667,0.96,20796,1.23,924262,1.06,3108,0.61
2024-03-17T00:00:00.000,1972170,0.86,625861,0.63,103993,1.20,86964,0.92,20237,1.15,862748,1.07,2078,0.66
2024-03-18T00:00:00.000,3482565,0.63,1296423,0.58,221451,0.71,190770,0.69,31905,1.07,895292,0.97,7072,0.44
2024-03-19T00:00:00.000,3869116,0.69,1336910,0.60,242771,0.77,210028,0.76,34899,1.17,909501,0.99,7795,0.49
2024-03-20T00:00:00.000,3886104,0.70,1334002,0.60,234446,0.75,206030,0.75,35998,1.21,927404,1.01,7700,0.48
2024-03-21T00:00:00.000,3862248,0.69,1317112,0.59,228782,0.73,200037,0.73,35097,1.18,947309,1.03,7292,0.46
2024-03-22T00:00:00.000,3581959,0.64,1251225,0.56,225175,0.72,187489,0.68,33549,1.13,975518,1.06,6299,0.39
2024-03-23T00:00:00.000,1863863,0.61,587004,0.44,95770,0.89,77331,0.57,17633,1.04,733638,0.84,1766,0.35
2024-03-24T00:00:00.000,1912946,0.83,653413,0.66,95973,1.11,80451,0.85,22334,1.27,861573,1.07,1890,0.60
2024-03-25T00:00:00.000,3583716,0.64,1281676,0.57,224068,0.71,192720,0.70,31947,1.07,902281,0.98,7032,0.44
2024-03-26T00:00:00.000,3969793,0.71,1355991,0.60,239790,0.77,211566,0.77,34874,1.17,914666,0.99,7754,0.49
2024-03-27T00:00:00.000,4014011,0.72,1342695,0.60,241268,0.77,207744,0.75,35627,1.20,943920,1.02,7628,0.48
2024-03-28T00:00:00.000,3910547,0.70,1223847,0.55,239840,0.77,200583,0.73,34416,1.16,954143,1.04,6780,0.42
2024-03-29T00:00:00.000,3372535,0.61,1096254,0.49,241583,0.77,198343,0.72,30293,1.02,966343,1.05,5092,0.32
2024-03-30T00:00:00.000,2526569,0.82,801723,0.60,135355,1.25,111061,0.82,19891,1.17,906427,1.04,2748,0.54
2024-03-31T00:00:00.000,1936295,0.84,606411,0.61,121273,1.40,98458,1.04,23316,1.32,933446,1.16,2096,0.67
2024-04-01T00:00:00.000,3321989,0.60,1168598,0.53,208291,0.67,180107,0.63,30083,1.04,917643,0.98,6053,0.37
2024-04-02T00:00:00.000,3900061,0.70,1247638,0.57,234615,0.76,206753,0.72,34415,1.19,889922,0.95,7289,0.45
2024-04-03T00:00:00.000,3890305,0.70,1162660,0.53,222764,0.72,195001,0.68,34971,1.21,851814,0.91,6815,0.42
2024-04-04T00:00:00.000,4100733,0.74,1339531,0.61,232730,0.75,201745,0.70,34712,1.20,957042,1.02,7180,0.44
2024-04-05T00:00:00.000,3800800,0.68,1263607,0.58,225107,0.73,202580,0.71,34503,1.19,981699,1.04,6309,0.39
2024-04-06T00:00:00.000,2477127,0.78,822825,0.62,128106,1.12,117095,0.79,21444,1.29,928096,1.02,2555,0.50
2024-04-07T00:00:00.000,1899641,0.78,651153,0.66,101624,1.11,94103,0.91,21759,1.17,875089,1.01,2033,0.62
2024-04-08T00:00:00.000,3506719,0.63,1258402,0.58,220359,0.71,194106,0.68,31777,1.10,879783,0.93,6873,0.42
2024-04-09T00:00:00.000,4042674,0.72,1366571,0.63,251964,0.81,228390,0.80,36151,1.25,965630,1.03,7937,0.49
2024-04-10T00:00:00.000,3791945,0.68,1245909,0.57,235585,0.76,216591,0.75,35534,1.23,946464,1.01,7115,0.44
2024-04-11T00:00:00.000,4000485,0.72,1315916,0.60,241215,0.78,205013,0.71,35354,1.22,963140,1.02,7326,0.45
2024-04-12T00:00:00.000,3668439,0.66,1240823,0.57,225168,0.73,191755,0.67,33701,1.16,979494,1.04,6265,0.39
2024-04-13T00:00:00.000,2535112,0.80,824356,0.62,120351,1.05,110542,0.74,21606,1.30,930759,1.02,2609,0.51
2024-04-14T00:00:00.000,2068885,0.85,664358,0.67,103711,1.13,93633,0.91,21766,1.17,897470,1.04,2145,0.66
2024-04-15T00:00:00.000,3704177,0.66,1319005,0.60,233386,0.75,203835,0.71,32975,1.14,933433,0.99,7374,0.45
2024-04-16T00:00:00.000,4033514,0.72,1370151,0.63,243835,0.79,220030,0.77,35869,1.24,941739,1.00,8017,0.49
2024-04-17T00:00:00.000,4021256,0.72,1347870,0.62,243323,0.78,214829,0.75,35970,1.24,942089,1.00,7805,0.48
2024-04-18T00:00:00.000,3966226,0.71,1303010,0.60,230634,0.74,203859,0.71,34816,1.20,955479,1.02,7271,0.45
2024-04-19T00:00:00.000,3705782,0.66,1278086,0.58,223518,0.72,205809,0.72,33749,1.17,1000275,1.06,6252,0.39
2024-04-20T00:00:00.000,2537525,0.80,830016,0.62,125999,1.10,123804,0.83,21228,1.27,949195,1.04,2793,0.55
2024-04-21T00:00:00.000,1918237,0.79,651681,0.66,101817,1.11,98834,0.96,20807,1.11,873632,1.01,2017,0.62
2024-04-22T00:00:00.000,3219677,0.58,1146285,0.52,229680,0.74,206229,0.72,29919,1.03,902943,0.96,6171,0.38
2024-04-23T00:00:00.000,3522218,0.63,1176798,0.54,238274,0.77,221191,0.77,31727,1.10,869972,0.92,7063,0.44
2024-04-24T00:00:00.000,3608010,0.65,1180243,0.54,233010,0.75,215927,0.75,32658,1.13,880348,0.94,6847,0.42
2024-04-25T00:00:00.000,3723894,0.67,1191480,0.55,242243,0.78,217219,0.76,32999,1.14,962228,1.02,6820,0.42
2024-04-26T00:00:00.000,3431590,0.62,1143792,0.52,229885,0.74,198590,0.69,31859,1.10,955900,1.02,5647,0.35
2024-04-27T00:00:00.000,2506779,0.79,801494,0.60,123192,1.08,109447,0.73,20591,1.23,911900,1.00,2479,0.48
2024-04-28T00:00:00.000,2084950,0.86,649572,0.65,100214,1.09,91619,0.89,21057,1.13,881076,1.02,1965,0.60
2024-04-29T00:00:00.000,3323706,0.60,1161990,0.53,225362,0.73,201385,0.70,30504,1.05,866723,0.92,6385,0.39
2024-04-30T00:00:00.000,3638986,0.65,1193514,0.55,240862,0.78,218592,0.76,32717,1.13,872347,0.93,6886,0.42
2024-05-01T00:00:00.000,4032791,0.71,1350660,0.59,230682,0.72,205030,0.72,35701,1.21,954842,0.99,7757,0.45
2024-05-02T00:00:00.000,4061242,0.71,1349838,0.59,235003,0.74,210951,0.74,36244,1.23,980830,1.02,7475,0.43
2024-05-03T00:00:00.000,3780888,0.66,1285012,0.56,226880,0.71,204190,0.71,34860,1.19,1004571,1.04,6516,0.37
2024-05-04T00:00:00.000,2563658,0.80,849249,0.61,123516,1.04,122719,0.81,22523,1.30,951334,0.99,2769,0.57
2024-05-05T00:00:00.000,1889174,0.79,578132,0.60,99491,1.02,87988,0.85,20709,1.22,819681,0.96,2571,0.73
2024-05-06T00:00:00.000,3652105,0.64,1295794,0.57,229643,0.72,200506,0.70,33424,1.14,930298,0.97,6869,0.39
2024-05-07T00:00:00.000,4098321,0.72,1375535,0.60,250953,0.79,227303,0.79,36309,1.23,954763,0.99,7966,0.46
2024-05-08T00:00:00.000,4087477,0.71,1350511,0.59,244202,0.76,221059,0.77,36981,1.26,969162,1.01,7623,0.44
2024-05-09T00:00:00.000,4086528,0.71,1354139,0.60,247959,0.78,218370,0.76,35927,1.22,999321,1.04,7344,0.42
2024-05-10T00:00:00.000,3677268,0.64,1212090,0.53,228020,0.71,195091,0.68,34539,1.17,1001911,1.04,5894,0.34
2024-05-11T00:00:00.000,2648580,0.83,845713,0.61,134051,1.13,117308,0.78,22810,1.32,1004157,1.05,3078,0.63
2024-05-12T00:00:00.000,1858872,0.78,559614,0.58,114118,1.17,98717,0.95,24531,1.44,930720,1.09,1755,0.50
2024-05-13T00:00:00.000,3703066,0.65,1264180,0.56,244216,0.76,209794,0.73,31980,1.09,953646,0.99,7137,0.41
2024-05-14T00:00:00.000,4116655,0.72,1343633,0.59,260745,0.82,226656,0.79,35800,1.22,964136,1.00,7698,0.44
2024-05-15T00:00:00.000,4114615,0.72,1288427,0.57,248434,0.78,219840,0.77,36951,1.26,942648,0.98,7856,0.45
2024-05-16T00:00:00.000,4105026,0.72,1306481,0.57,243988,0.76,215601,0.75,35940,1.22,985179,1.02,7590,0.44
2024-05-17T00:00:00.000,3816914,0.67,1270674,0.56,241980,0.76,215838,0.75,34945,1.19,1023765,1.06,6569,0.38
2024-05-18T00:00:00.000,2691368,0.84,792454,0.57,131709,1.11,130279,0.86,21562,1.25,969098,1.01,2855,0.59
2024-05-19T00:00:00.000,2121485,0.89,657256,0.68,112130,1.15,106408,1.02,22305,1.31,939438,1.10,2228,0.63
2024-05-20T00:00:00.000,3682061,0.64,1291703,0.57,236846,0.74,216450,0.76,32417,1.10,956799,0.99,7160,0.41
2024-05-21T00:00:00.000,4029557,0.70,1349876,0.59,252506,0.79,234587,0.82,35819,1.22,962058,1.00,7775,0.45
2024-05-22T00:00:00.000,4104021,0.72,1357841,0.60,258544,0.81,233098,0.81,36940,1.26,975096,1.01,8086,0.46
2024-05-23T00:00:00.000,3863099,0.68,1275297,0.56,250848,0.79,215083,0.75,34785,1.18,1011195,1.05,7442,0.43
2024-05-24T00:00:00.000,3583244,0.63,1243655,0.55,250907,0.79,209130,0.73,33663,1.14,1034556,1.07,6663,0.38
2024-05-25T00:00:00.000,2347159,0.73,805680,0.58,135961,1.15,120036,0.80,20733,1.20,924855,0.97,3031,0.62
2024-05-26T00:00:00.000,2019012,0.84,652393,0.68,120709,1.24,101017,0.97,22762,1.34,905197,1.06,2710,0.77
2024-05-27T00:00:00.000,1667890,0.70,594031,0.62,99975,1.03,81042,0.78,12673,0.75,742353,0.87,2123,0.60
2024-05-28T00:00:00.000,3825781,0.67,1300611,0.57,257078,0.80,227311,0.79,34485,1.17,967869,1.01,7609,0.44
2024-05-29T00:00:00.000,4006764,0.70,1309889,0.58,254749,0.80,227379,0.79,36435,1.24,943930,0.98,8090,0.46
2024-05-30T00:00:00.000,3979959,0.70,1301028,0.57,253843,0.79,219887,0.77,35372,1.20,997110,1.04,7550,0.43
2024-05-31T00:00:00.000,3688627,0.65,1257526,0.55,245017,0.77,211027,0.74,35020,1.19,1020563,1.06,6644,0.38
2024-06-01T00:00:00.000,2446153,0.76,848601,0.61,128555,1.05,110948,0.70,22726,1.31,999068,1.02,2980,0.59
2024-06-02T00:00:00.000,1978037,0.76,651637,0.60,114504,1.16,92567,0.85,22640,1.25,940743,1.02,2339,0.60
2024-06-03T00:00:00.000,3611491,0.64,1294956,0.60,225413,0.68,197640,0.67,33679,1.15,946610,0.96,7168,0.44
2024-06-04T00:00:00.000,3979793,0.71,1327963,0.62,255090,0.77,233237,0.79,36865,1.26,957990,0.97,7800,0.48
2024-06-05T00:00:00.000,4051943,0.72,1338427,0.62,264512,0.80,230173,0.78,37800,1.29,985722,1.00,7942,0.49
2024-06-06T00:00:00.000,3774324,0.67,1207899,0.56,245631,0.74,219447,0.74,35234,1.20,978812,1.00,7059,0.44
2024-06-07T00:00:00.000,3752412,0.67,1254339,0.58,252098,0.76,214062,0.72,35464,1.21,1035803,1.05,6393,0.39
2024-06-08T00:00:00.000,2673220,0.83,842779,0.60,159020,1.29,135138,0.85,23371,1.35,998451,1.02,3150,0.62
2024-06-09T00:00:00.000,2134551,0.82,680981,0.63,132945,1.35,107497,0.99,22435,1.24,962131,1.04,2492,0.64
2024-06-10T00:00:00.000,3702212,0.66,1355986,0.63,240121,0.72,211542,0.72,32970,1.13,959576,0.98,7701,0.47
2024-06-11T00:00:00.000,3995425,0.71,1390440,0.65,259101,0.78,230796,0.78,36206,1.24,951147,0.97,8500,0.52
2024-06-12T00:00:00.000,3977760,0.71,1355294,0.63,256255,0.77,224305,0.76,36693,1.25,928453,0.94,8138,0.50
2024-06-13T00:00:00.000,3936941,0.70,1310210,0.61,254575,0.77,221855,0.75,35363,1.21,964740,0.98,7675,0.47
2024-06-14T00:00:00.000,3517062,0.63,1212740,0.56,247019,0.74,204586,0.69,34757,1.19,1011986,1.03,5973,0.37
2024-06-15T00:00:00.000,2431810,0.75,851502,0.61,142102,1.16,122409,0.77,23580,1.36,1022686,1.04,3104,0.61
2024-06-16T00:00:00.000,1897201,0.72,653946,0.60,130133,1.32,109303,1.00,24200,1.34,997278,1.08,2245,0.58
2024-06-17T00:00:00.000,3325104,0.59,1172762,0.55,242993,0.73,215241,0.73,31993,1.09,956532,0.97,6466,0.40
2024-06-18T00:00:00.000,3920839,0.70,1314338,0.61,260538,0.78,242116,0.82,36105,1.23,988738,1.01,7713,0.48
2024-06-19T00:00:00.000,3046320,1.16,1068172,0.98,232540,2.36,206582,1.89,26431,1.46,969020,1.05,4527,1.16
2024-06-20T00:00:00.000,3857797,0.69,1275626,0.59,255683,0.77,227113,0.77,36445,1.24,1020534,1.04,7217,0.45
2024-06-21T00:00:00.000,3500365,0.62,1191812,0.55,244215,0.73,211543,0.72,34695,1.18,1022507,1.04,6166,0.38
2024-06-22T00:00:00.000,2385207,0.74,793674,0.57,133102,1.08,119962,0.76,21970,1.27,977336,0.99,2743,0.54
2024-06-23T00:00:00.000,1908786,0.73,648887,0.60,118067,1.20,103892,0.95,21789,1.20,953693,1.03,2061,0.53
2024-06-24T00:00:00.000,3467845,0.62,1227231,0.57,246269,0.74,213904,0.72,33300,1.14,975173,0.99,6820,0.42
2024-06-25T00:00:00.000,3831447,0.68,1269567,0.59,271783,0.82,232410,0.79,36669,1.25,1002164,1.02,7685,0.47
2024-06-26T00:00:00.000,3901100,0.70,1267408,0.59,264126,0.79,226518,0.77,36344,1.24,1020784,1.04,7314,0.45
2024-06-27T00:00:00.000,3776811,0.67,1214263,0.56,255215,0.77,227648,0.77,35155,1.20,1032517,1.05,7170,0.44
2024-06-28T00:00:00.000,3522732,0.63,1141168,0.53,255739,0.77,211914,0.72,34111,1.16,1037403,1.06,6305,0.39
2024-06-29T00:00:00.000,2454997,0.76,780229,0.56,138769,1.13,119738,0.75,21904,1.26,977287,0.99,2948,0.58
2024-06-30T00:00:00.000,2002269,0.76,583751,0.54,126526,1.28,108244,0.99,20851,1.15,885430,0.96,2268,0.58
2024-07-01T00:00:00.000,3273546,0.62,1156904,0.56,216906,0.68,185943,0.66,32979,1.16,954908,0.99,6947,0.50
2024-07-02T00:00:00.000,3542073,0.67,1216755,0.59,234535,0.74,207844,0.73,35200,1.24,951968,0.99,7431,0.54
2024-07-03T00:00:00.000,3409357,0.65,1198766,0.58,237577,0.75,205176,0.72,36949,1.30,1003052,1.04,6758,0.49
2024-07-04T00:00:00.000,1992244,0.85,643119,0.59,117030,1.12,101274,0.95,17646,1.07,752680,0.85,2939,0.82
2024-07-05T00:00:00.000,2700734,0.51,1001854,0.48,207314,0.65,183222,0.65,28776,1.02,854313,0.89,4563,0.33
2024-07-06T00:00:00.000,2100877,0.74,758425,0.56,119417,0.94,110386,0.71,19730,1.24,857713,0.93,2688,0.53
2024-07-07T00:00:00.000,1804572,0.77,642652,0.59,120316,1.15,105041,0.99,22640,1.37,909616,1.03,2167,0.61
2024-07-08T00:00:00.000,3228784,0.61,1176713,0.57,226613,0.72,199454,0.70,33105,1.17,945690,0.98,6499,0.47
2024-07-09T00:00:00.000,3605032,0.68,1236657,0.60,249970,0.79,219843,0.78,35500,1.25,927603,0.96,7176,0.52
2024-07-10T00:00:00.000,3691835,0.70,1252733,0.60,249781,0.79,210993,0.75,37417,1.32,957143,1.00,7393,0.54
2024-07-11T00:00:00.000,3688029,0.70,1233678,0.60,246250,0.78,209174,0.74,35691,1.26,993245,1.03,6914,0.50
2024-07-12T00:00:00.000,3261074,0.62,1120310,0.54,231084,0.73,191828,0.68,34090,1.20,979245,1.02,5586,0.41
2024-07-13T00:00:00.000,2203283,0.78,743154,0.55,123988,0.97,107166,0.69,20949,1.32,912958,0.99,2700,0.53
2024-07-14T00:00:00.000,1869670,0.80,633752,0.58,119283,1.14,97038,0.91,22682,1.37,947148,1.07,2160,0.60
2024-07-15T00:00:00.000,3259800,0.62,1160722,0.56,233209,0.74,202008,0.71,32763,1.16,950682,0.99,6398,0.46
2024-07-16T00:00:00.000,3594150,0.68,1209152,0.58,249559,0.79,220620,0.78,35468,1.25,943841,0.98,6828,0.50
2024-07-17T00:00:00.000,3651756,0.69,1210515,0.58,248424,0.78,214137,0.76,36547,1.29,956017,0.99,6845,0.50
2024-07-18T00:00:00.000,3637826,0.69,1218605,0.59,241785,0.76,211370,0.75,36119,1.27,1005727,1.05,7085,0.51
2024-07-19T00:00:00.000,3372874,0.64,1207102,0.58,243438,0.77,206922,0.73,34718,1.22,1018050,1.06,6480,0.47
2024-07-20T00:00:00.000,2269647,0.80,803868,0.60,131910,1.03,125050,0.81,19961,1.26,980583,1.06,2688,0.53
2024-07-21T00:00:00.000,1877704,0.80,659004,0.60,126169,1.20,111438,1.05,21664,1.31,962715,1.09,2080,0.58
2024-07-22T00:00:00.000,3235343,0.61,1168226,0.56,231813,0.73,215087,0.76,32431,1.14,937858,0.98,6510,0.47
2024-07-23T00:00:00.000,3606656,0.68,1211237,0.58,247915,0.78,229841,0.81,35110,1.24,928295,0.97,7177,0.52
2024-07-24T00:00:00.000,3656472,0.69,1220410,0.59,249158,0.79,224862,0.79,36652,1.29,947798,0.99,7260,0.53
2024-07-25T00:00:00.000,3638351,0.69,1220056,0.59,255367,0.81,214281,0.76,35373,1.25,990676,1.03,6850,0.50
2024-07-26T00:00:00.000,3288849,0.62,1154709,0.56,247475,0.78,201321,0.71,34431,1.21,1012046,1.05,5946,0.43
2024-07-27T00:00:00.000,2306948,0.82,809660,0.60,138344,1.08,125101,0.81,22582,1.42,982745,1.06,2991,0.59
2024-07-28T00:00:00.000,1851383,0.79,645704,0.59,121226,1.16,99516,0.94,22027,1.33,943306,1.07,2214,0.62
2024-07-29T00:00:00.000,3202281,0.61,1147023,0.55,233537,0.74,200999,0.71,32067,1.13,928486,0.97,6240,0.45
2024-07-30T00:00:00.000,3590241,0.68,1228387,0.59,251398,0.79,220120,0.78,34911,1.23,937334,0.98,7217,0.52
2024-07-31T00:00:00.000,3576343,0.68,1213507,0.59,248316,0.78,213562,0.75,35765,1.26,958860,1.00,7018,0.51
2024-08-01T00:00:00.000,3544663,0.69,1208275,0.60,229131,0.73,194439,0.71,35878,1.28,1008364,1.04,6902,0.52
2024-08-02T00:00:00.000,3153955,0.61,1111340,0.55,215453,0.69,181008,0.66,34487,1.23,987721,1.02,5784,0.43
2024-08-03T00:00:00.000,2200373,0.75,741482,0.54,123922,0.93,109769,0.72,22133,1.33,938339,0.98,2852,0.61
2024-08-04T00:00:00.000,1752861,0.74,588249,0.53,108959,1.05,92383,0.89,22186,1.23,885224,0.96,2099,0.58
2024-08-05T00:00:00.000,3222601,0.63,1154644,0.57,234345,0.75,192078,0.70,33112,1.19,955722,0.98,6375,0.48
2024-08-06T00:00:00.000,3462581,0.67,1130325,0.56,234650,0.75,207212,0.76,35331,1.26,898384,0.92,6974,0.52
2024-08-07T00:00:00.000,3511253,0.68,1117450,0.55,239223,0.76,202867,0.74,36667,1.31,920296,0.95,6593,0.49
2024-08-08T00:00:00.000,3490217,0.68,1108956,0.55,230083,0.74,196259,0.72,35509,1.27,940729,0.97,6466,0.48
2024-08-09T00:00:00.000,3041276,0.59,1039488,0.52,215973,0.69,170622,0.63,32193,1.15,907512,0.93,5202,0.39
2024-08-10T00:00:00.000,2356405,0.80,777613,0.57,133623,1.00,119101,0.79,22199,1.33,949079,0.99,3156,0.67
2024-08-11T00:00:00.000,1918748,0.81,614435,0.56,121004,1.16,103975,1.00,22996,1.28,925152,1.01,2552,0.71
2024-08-12T00:00:00.000,3169180,0.62,1106072,0.55,231099,0.74,191415,0.70,33127,1.19,925367,0.95,6337,0.47
2024-08-13T00:00:00.000,3491612,0.68,1158412,0.57,242459,0.78,205674,0.75,35503,1.27,907386,0.93,7002,0.52
2024-08-14T00:00:00.000,3544668,0.69,1182980,0.59,242186,0.77,202330,0.74,37606,1.35,961969,0.99,7028,0.53
2024-08-15T00:00:00.000,3495671,0.68,1182864,0.59,241573,0.77,196106,0.72,36343,1.30,961969,0.99,6528,0.49
2024-08-16T00:00:00.000,3198733,0.62,1123673,0.56,235035,0.75,185953,0.68,34676,1.24,1004704,1.03,5596,0.42
2024-08-17T00:00:00.000,2256233,0.77,767022,0.56,135948,1.02,112928,0.74,22797,1.37,954849,1.00,2880,0.61
2024-08-18T00:00:00.000,1713050,0.72,578595,0.52,106004,1.02,82177,0.79,20897,1.16,853807,0.93,1953,0.54
2024-08-19T00:00:00.000,3076559,0.60,1090594,0.54,224656,0.72,183503,0.67,31668,1.13,931369,0.96,5870,0.44
2024-08-20T00:00:00.000,3475888,0.68,1164259,0.58,250304,0.80,211051,0.77,34985,1.25,952393,0.98,6877,0.51
2024-08-21T00:00:00.000,3498651,0.68,1159036,0.57,247076,0.79,204853,0.75,36401,1.30,958433,0.99,6910,0.52
2024-08-22T00:00:00.000,3427911,0.67,1140225,0.56,245912,0.79,199777,0.73,34997,1.25,985469,1.01,6458,0.48
2024-08-23T00:00:00.000,3209666,0.62,1095768,0.54,235738,0.75,196218,0.72,33653,1.20,999865,1.03,5827,0.44
2024-08-24T00:00:00.000,2332624,0.79,776019,0.56,146684,1.10,119252,0.79,22523,1.35,975307,1.02,3025,0.64
2024-08-25T00:00:00.000,1905818,0.80,629302,0.57,130885,1.26,101267,0.97,22347,1.24,946696,1.03,2309,0.64
2024-08-26T00:00:00.000,3113498,0.61,1104199,0.55,244138,0.78,186630,0.68,31233,1.12,935864,0.96,5896,0.44
2024-08-27T00:00:00.000,3477101,0.68,1177841,0.58,261771,0.84,201834,0.74,34997,1.25,949649,0.98,6713,0.50
2024-08-28T00:00:00.000,3516674,0.68,1203770,0.60,257194,0.82,195873,0.72,36079,1.29,972274,1.00,6656,0.50
2024-08-29T00:00:00.000,3438760,0.67,1203629,0.60,261935,0.84,192714,0.71,35044,1.25,992852,1.02,6446,0.48
2024-08-30T00:00:00.000,3152242,0.61,1132406,0.56,255954,0.82,195334,0.72,33968,1.22,1004458,1.03,5287,0.40
2024-08-31T00:00:00.000,2158004,0.73,771634,0.56,149890,1.12,119313,0.79,21518,1.29,923923,0.96,2471,0.52
2024-09-01T00:00:00.000,1969350,0.77,658803,0.60,120499,1.21,95622,0.91,22880,1.33,896413,1.01,2149,0.73
2024-09-02T00:00:00.000,2007446,0.79,629636,0.57,134118,1.35,95598,0.91,14939,0.87,854109,0.97,2571,0.88
2024-09-03T00:00:00.000,3629404,0.63,1323572,0.57,263763,0.81,220831,0.77,35977,1.21,959389,1.01,7337,0.43
2024-09-04T00:00:00.000,3868854,0.67,1372412,0.59,271660,0.83,225508,0.78,38623,1.30,935127,0.98,7588,0.44
2024-09-05T00:00:00.000,4033322,0.70,1434726,0.62,262639,0.80,220098,0.76,37475,1.26,966058,1.01,7475,0.44
2024-09-06T00:00:00.000,3794952,0.66,1397369,0.60,258126,0.79,202757,0.70,36478,1.23,999365,1.05,6606,0.39
2024-09-07T00:00:00.000,2479639,0.77,841695,0.60,137291,1.16,105974,0.69,21477,1.25,912521,0.96,2874,0.69
2024-09-08T00:00:00.000,2101048,0.83,724969,0.66,120584,1.22,98767,0.94,23760,1.38,914241,1.03,2280,0.78
2024-09-09T00:00:00.000,3811344,0.66,1458059,0.63,247296,0.76,214384,0.74,35327,1.19,930561,0.98,7724,0.45
2024-09-10T00:00:00.000,4182405,0.72,1510358,0.65,263027,0.80,233290,0.81,38230,1.29,951227,1.00,8495,0.50
2024-09-11T00:00:00.000,4214707,0.73,1489570,0.64,263710,0.81,228252,0.79,39031,1.31,921770,0.97,9107,0.53
2024-09-12T00:00:00.000,4232214,0.73,1515496,0.65,263539,0.80,228985,0.79,38778,1.31,984868,1.03,8174,0.48
2024-09-13T00:00:00.000,3911412,0.68,1442741,0.62,254945,0.78,219747,0.76,37297,1.26,1016290,1.07,6989,0.41
2024-09-14T00:00:00.000,2706474,0.84,913017,0.65,145099,1.23,136864,0.90,24473,1.43,1002908,1.05,3402,0.82
2024-09-15T00:00:00.000,2161737,0.85,705080,0.64,128174,1.29,118303,1.13,24154,1.41,946517,1.07,2605,0.89
2024-09-16T00:00:00.000,3821428,0.66,1473843,0.63,254618,0.78,215601,0.75,35319,1.19,934600,0.98,7734,0.45
2024-09-17T00:00:00.000,4189311,0.73,1536675,0.66,268678,0.82,232809,0.81,38667,1.30,945571,0.99,8503,0.50
2024-09-18T00:00:00.000,4232888,0.73,1539412,0.66,281624,0.86,229697,0.80,39300,1.32,963160,1.01,8603,0.50
2024-09-19T00:00:00.000,4255184,0.74,1547727,0.67,272725,0.83,226944,0.79,38515,1.30,997635,1.05,8367,0.49
2024-09-20T00:00:00.000,3933048,0.68,1471585,0.63,270065,0.82,215673,0.75,36687,1.24,1019966,1.07,7029,0.41
2024-09-21T00:00:00.000,2744632,0.85,950423,0.68,160150,1.35,133469,0.87,23611,1.38,980137,1.03,3736,0.90
2024-09-22T00:00:00.000,2131910,0.84,737715,0.67,131192,1.32,102752,0.98,23164,1.35,936446,1.06,2560,0.88
2024-09-23T00:00:00.000,3898806,0.68,1457916,0.63,250701,0.77,218237,0.76,34543,1.16,922758,0.97,7994,0.47
2024-09-24T00:00:00.000,4323708,0.75,1500066,0.65,270524,0.83,240779,0.83,37488,1.26,927777,0.97,8938,0.52
2024-09-25T00:00:00.000,4335945,0.75,1487149,0.64,267471,0.82,236202,0.82,37829,1.27,935215,0.98,8904,0.52
2024-09-26T00:00:00.000,4295723,0.74,1467648,0.63,264141,0.81,228971,0.79,37117,1.25,963068,1.01,8216,0.48
2024-09-27T00:00:00.000,3945383,0.68,1438524,0.62,258258,0.79,221034,0.77,35968,1.21,1010505,1.06,6992,0.41
2024-09-28T00:00:00.000,2557982,0.79,863284,0.62,134408,1.14,132177,0.87,22142,1.29,922085,0.97,2928,0.71
2024-09-29T00:00:00.000,1959363,0.77,664367,0.60,117572,1.18,102805,0.98,22340,1.30,869345,0.98,2782,0.95
2024-09-30T00:00:00.000,3849138,0.67,1486507,0.64,256547,0.78,217897,0.76,34701,1.17,924795,0.97,7845,0.46
2024-10-01T00:00:00.000,4179363,0.73,1546620,0.69,247737,0.79,218836,0.75,38299,1.29,922245,0.99,9716,0.54
2024-10-02T00:00:00.000,4068073,0.71,1504660,0.67,258854,0.82,227124,0.78,38330,1.29,941325,1.01,9543,0.53
2024-10-03T00:00:00.000,3627528,0.63,1333760,0.59,246586,0.78,217197,0.75,35952,1.21,926733,1.00,7273,0.41
2024-10-04T00:00:00.000,3506654,0.61,1313232,0.58,251723,0.80,215328,0.74,35371,1.19,947077,1.02,6361,0.36
2024-10-05T00:00:00.000,2710146,0.81,953356,0.68,142657,1.26,148928,0.98,23775,1.34,966857,1.02,4086,0.90
2024-10-06T00:00:00.000,2065294,0.84,737760,0.74,111257,1.22,105906,1.01,23677,1.29,912831,1.08,2534,0.67
2024-10-07T00:00:00.000,3847055,0.67,1478576,0.66,250063,0.80,220335,0.76,35754,1.20,917137,0.99,8833,0.49
2024-10-08T00:00:00.000,4256950,0.74,1554839,0.69,275934,0.88,235974,0.81,39100,1.31,945208,1.02,10259,0.57
2024-10-09T00:00:00.000,4313211,0.75,1555422,0.69,275026,0.88,234694,0.81,39877,1.34,957877,1.03,9926,0.56
2024-10-10T00:00:00.000,4329161,0.75,1534201,0.68,272428,0.87,233710,0.80,38911,1.31,990350,1.07,9495,0.53
2024-10-11T00:00:00.000,3868564,0.67,1435476,0.64,257460,0.82,224122,0.77,37027,1.24,1021735,1.10,7977,0.45
2024-10-12T00:00:00.000,2587128,0.78,940999,0.68,149093,1.31,144234,0.95,23525,1.33,957916,1.01,3409,0.75
2024-10-13T00:00:00.000,2153429,0.88,744866,0.74,127619,1.40,120235,1.14,23354,1.27,911708,1.08,3574,0.95
2024-10-14T00:00:00.000,3066851,0.53,1076828,0.48,240501,0.77,225263,0.77,26827,0.90,911104,0.98,5124,0.29
2024-10-15T00:00:00.000,4284818,0.75,1487706,0.66,270652,0.86,249266,0.86,38788,1.30,955621,1.03,9369,0.52
2024-10-16T00:00:00.000,4357117,0.76,1495298,0.66,279608,0.89,236091,0.81,39579,1.33,950912,1.02,9783,0.55
2024-10-17T00:00:00.000,4309633,0.75,1496057,0.66,277906,0.88,237000,0.81,37093,1.25,942095,1.02,9362,0.52
2024-10-18T00:00:00.000,4030998,0.70,1443165,0.64,272133,0.87,229999,0.79,36732,1.23,993477,1.07,8258,0.46
2024-10-19T00:00:00.000,2752350,0.83,930951,0.67,156212,1.38,147214,0.97,24053,1.36,981152,1.04,3588,0.79
2024-10-20T00:00:00.000,2176476,0.89,733271,0.73,127452,1.40,122789,1.17,24069,1.31,939223,1.11,2606,0.69
2024-10-21T00:00:00.000,3842315,0.67,1471964,0.65,247857,0.79,219983,0.76,35133,1.18,937487,1.01,8975,0.50
2024-10-22T00:00:00.000,4218881,0.73,1528809,0.68,268294,0.85,237771,0.82,38656,1.30,932275,1.00,9628,0.54
2024-10-23T00:00:00.000,4276606,0.74,1537563,0.68,257031,0.82,233881,0.80,39211,1.32,930104,1.00,9629,0.54
2024-10-24T00:00:00.000,4304831,0.75,1484054,0.66,260193,0.83,232459,0.80,36754,1.23,931734,1.00,9653,0.54
2024-10-25T00:00:00.000,4019790,0.70,1376080,0.61,262815,0.84,223941,0.77,36635,1.23,983885,1.06,8083,0.45
2024-10-26T00:00:00.000,2828539,0.85,960099,0.69,143111,1.26,148103,0.97,24066,1.36,988039,1.04,3423,0.75
2024-10-27T00:00:00.000,2208683,0.90,740417,0.74,120849,1.33,115917,1.10,23888,1.30,918610,1.09,2556,0.68
2024-10-28T00:00:00.000,3983168,0.69,1473020,0.65,253923,0.81,229873,0.79,35666,1.20,926409,1.00,8936,0.50
2024-10-29T00:00:00.000,4378791,0.76,1514830,0.67,272526,0.87,249585,0.86,38621,1.30,939734,1.01,9803,0.55
2024-10-30T00:00:00.000,4417951,0.77,1533630,0.68,267007,0.85,246035,0.85,40468,1.36,970092,1.05,9878,0.55
2024-10-31T00:00:00.000,4340272,0.76,1423507,0.63,257756,0.82,221856,0.76,37639,1.26,952775,1.03,8741,0.49
2024-11-01T00:00:00.000,3780874,0.67,1290003,0.59,213535,0.65,185052,0.65,37306,1.19,947020,1.00,6363,0.37
2024-11-02T00:00:00.000,2817106,0.89,924453,0.70,138761,1.20,134522,0.89,24481,1.44,941777,1.04,3273,0.94
2024-11-03T00:00:00.000,2602870,1.03,647668,0.65,132720,1.40,123028,1.18,21758,1.16,796346,0.97,4095,1.34
2024-11-04T00:00:00.000,3949699,0.70,1450761,0.66,243884,0.74,216014,0.75,36716,1.18,908080,0.96,7765,0.46
2024-11-05T00:00:00.000,3640246,0.65,1321929,0.60,244078,0.74,213516,0.75,36106,1.16,858375,0.91,6691,0.39
2024-11-06T00:00:00.000,4113411,0.73,1490566,0.68,256311,0.78,221461,0.77,40044,1.28,928979,0.98,8324,0.49
2024-11-07T00:00:00.000,4232190,0.75,1499670,0.68,259228,0.79,226007,0.79,39248,1.26,958652,1.02,8177,0.48
2024-11-08T00:00:00.000,3971878,0.70,1428851,0.65,245087,0.75,213611,0.75,38062,1.22,990743,1.05,7038,0.41
2024-11-09T00:00:00.000,2770474,0.88,920210,0.70,133329,1.16,134651,0.89,24198,1.43,924905,1.02,3270,0.94
2024-11-10T00:00:00.000,2117144,0.84,713083,0.72,105256,1.11,103048,0.99,23972,1.27,870080,1.06,2321,0.76
2024-11-11T00:00:00.000,3277617,1.30,1173328,1.18,236005,2.50,206579,1.98,28032,1.49,864822,1.05,5534,1.80
2024-11-12T00:00:00.000,4263199,0.76,1487306,0.68,264372,0.81,234752,0.82,39828,1.28,921273,0.98,8595,0.50
2024-11-13T00:00:00.000,4331024,0.77,1496105,0.68,257349,0.78,229455,0.80,41143,1.32,932923,0.99,8342,0.49
2024-11-14T00:00:00.000,4296568,0.76,1476496,0.67,251765,0.77,217969,0.76,40039,1.28,959032,1.02,8022,0.47
2024-11-15T00:00:00.000,3986526,0.71,1386340,0.63,247886,0.75,214139,0.75,39068,1.25,985910,1.04,6829,0.40
2024-11-16T00:00:00.000,2789132,0.88,919983,0.70,137240,1.19,132742,0.88,24556,1.45,916594,1.01,3013,0.87
2024-11-17T00:00:00.000,2101806,0.83,719084,0.72,118405,1.25,101707,0.98,24320,1.29,841590,1.02,2403,0.78
2024-11-18T00:00:00.000,3900958,0.69,1442803,0.66,246602,0.75,214015,0.75,36682,1.17,861708,0.91,7739,0.45
2024-11-19T00:00:00.000,4277932,0.76,1504152,0.69,260621,0.79,235198,0.82,39803,1.27,923969,0.98,8396,0.49
2024-11-20T00:00:00.000,4298945,0.76,1508975,0.69,261795,0.80,232558,0.81,41321,1.32,952410,1.01,8694,0.51
2024-11-21T00:00:00.000,4217744,0.75,1352576,0.62,247779,0.75,217248,0.76,38930,1.25,925692,0.98,7755,0.46
2024-11-22T00:00:00.000,3854860,0.68,1304306,0.60,240803,0.73,205229,0.72,37694,1.21,961674,1.02,6493,0.38
2024-11-23T00:00:00.000,2720244,0.86,903100,0.68,144950,1.26,134514,0.89,23654,1.40,923692,1.02,3057,0.88
2024-11-24T00:00:00.000,2075015,0.82,712523,0.72,115037,1.22,104157,1.00,24470,1.30,845856,1.03,2333,0.76
2024-11-25T00:00:00.000,3914213,0.69,1440435,0.66,259180,0.79,221649,0.77,37257,1.19,924623,0.98,8190,0.48
2024-11-26T00:00:00.000,4030009,0.71,1412275,0.65,263231,0.80,233673,0.82,39718,1.27,979030,1.04,8100,0.48
2024-11-27T00:00:00.000,3710430,0.66,1370366,0.63,284694,0.87,243529,0.85,35540,1.14,1005916,1.07,7495,0.44
2024-11-28T00:00:00.000,1513447,0.60,462819,0.46,115895,1.23,103402,0.99,26674,1.42,868551,1.05,2095,0.68
2024-11-29T00:00:00.000,2677499,1.06,910730,0.91,243219,2.57,219251,2.11,19887,1.06,829240,1.01,4139,1.35
2024-11-30T00:00:00.000,2319981,0.73,787685,0.60,148820,1.29,135368,0.90,19542,1.15,891736,0.98,2916,0.84
2024-12-01T00:00:00.000,1893492,0.75,629660,0.64,116806,1.10,103768,0.97,22046,1.24,893570,1.12,2006,0.59
2024-12-02T00:00:00.000,3813795,0.71,1371135,0.68,240375,0.76,209021,0.75,36224,1.24,933106,1.05,7622,0.49
2024-12-03T00:00:00.000,4240442,0.79,1455281,0.73,266544,0.84,234201,0.84,40193,1.38,940934,1.06,8289,0.53
2024-12-04T00:00:00.000,4374883,0.82,1446527,0.72,254632,0.81,224379,0.80,41858,1.44,944014,1.07,8265,0.53
2024-12-05T00:00:00.000,4354863,0.82,1401376,0.70,254255,0.80,215246,0.77,39358,1.35,949925,1.07,7971,0.51
2024-12-06T00:00:00.000,4121085,0.77,1340421,0.67,242555,0.77,206009,0.74,38598,1.32,985102,1.11,6812,0.44
2024-12-07T00:00:00.000,3017208,0.91,883693,0.70,149946,1.17,139193,0.89,24071,1.40,917052,1.04,2926,0.59
2024-12-08T00:00:00.000,2348950,0.92,708798,0.72,122147,1.15,107390,1.00,24671,1.38,849700,1.07,2395,0.71
2024-12-09T00:00:00.000,3941361,0.74,1369917,0.68,243001,0.77,211638,0.76,36847,1.26,897819,1.01,7292,0.47
2024-12-10T00:00:00.000,4374063,0.82,1444209,0.72,265077,0.84,234161,0.84,40973,1.41,933091,1.05,8214,0.53
2024-12-11T00:00:00.000,4255328,0.80,1353141,0.68,253052,0.80,222538,0.80,39455,1.35,902382,1.02,7923,0.51
2024-12-12T00:00:00.000,4527892,0.85,1431599,0.71,269149,0.85,236210,0.85,41074,1.41,991418,1.12,8108,0.52
2024-12-13T00:00:00.000,4178812,0.78,1347451,0.67,248254,0.79,222096,0.80,39020,1.34,1011486,1.14,6931,0.44
2024-12-14T00:00:00.000,3123454,0.94,882335,0.70,161398,1.26,159083,1.01,25602,1.49,948115,1.07,3452,0.69
2024-12-15T00:00:00.000,2337436,0.92,694080,0.71,120386,1.13,108880,1.01,24831,1.39,866862,1.09,2376,0.70
2024-12-16T00:00:00.000,3866550,0.72,1277624,0.64,239706,0.76,206160,0.74,37015,1.27,892474,1.01,7096,0.45
2024-12-17T00:00:00.000,4341385,0.81,1457557,0.73,266960,0.85,237348,0.85,40830,1.40,944837,1.07,8439,0.54
2024-12-18T00:00:00.000,4292792,0.80,1430923,0.71,266741,0.84,229302,0.82,41792,1.43,964203,1.09,8068,0.52
2024-12-19T00:00:00.000,4255466,0.80,1431183,0.71,267033,0.85,227613,0.82,40565,1.39,994900,1.12,7861,0.50
2024-12-20T00:00:00.000,3842344,0.72,1296068,0.65,247250,0.78,213269,0.76,38582,1.32,985717,1.11,6493,0.42
2024-12-21T00:00:00.000,2645323,0.80,788267,0.62,147327,1.15,138248,0.88,23289,1.35,898683,1.02,2973,0.60
2024-12-22T00:00:00.000,2061173,0.81,607735,0.62,121379,1.14,110023,1.02,23526,1.32,829779,1.04,2330,0.69
2024-12-23T00:00:00.000,3216875,0.60,1087369,0.54,253495,0.80,210375,0.75,33496,1.15,938009,1.06,5776,0.37
2024-12-24T00:00:00.000,2546394,0.48,906044,0.45,211807,0.67,173267,0.62,29443,1.01,890220,1.00,4272,0.27
2024-12-25T00:00:00.000,1378374,0.54,417229,0.43,87185,0.82,66693,0.62,18972,1.06,746323,0.94,1848,0.54
2024-12-26T00:00:00.000,2852679,0.53,982867,0.49,240534,0.76,203127,0.73,25211,0.86,869094,0.98,5222,0.33
2024-12-27T00:00:00.000,3161486,0.59,1058666,0.53,254609,0.81,225114,0.81,30638,1.05,906118,1.02,5656,0.36
2024-12-28T00:00:00.000,2268511,0.68,726217,0.57,139519,1.09,119418,0.76,19881,1.15,812850,0.92,2757,0.55
2024-12-29T00:00:00.000,2122102,0.84,664628,0.68,127153,1.19,107415,1.00,22149,1.24,810819,1.02,2629,0.77
2024-12-30T00:00:00.000,3315993,0.62,1110767,0.55,248532,0.79,209077,0.75,31713,1.09,896512,1.01,6159,0.39
2024-12-31T00:00:00.000,2874096,1.13,984193,1.01,223942,2.10,186037,1.73,31482,1.77,818825,1.03,4925,1.45
2025-01-01T00:00:00.000,1779352,0.85,495795,0.54,90318,1.09,74690,0.83,12417,0.92,678296,0.99,2040,0.75
2025-01-02T00:00:00.000,3376924,0.66,1204698,0.59,210914,0.70,165475,0.61,31265,1.11,831296,0.96,6548,0.40
2025-01-03T00:00:00.000,3413021,0.66,1225317,0.60,203652,0.67,163577,0.61,35900,1.27,846981,0.97,6243,0.38
2025-01-04T00:00:00.000,2315493,0.86,774643,0.65,117004,1.20,100579,0.77,21999,1.52,788882,1.03,2672,0.65
2025-01-05T00:00:00.000,1791020,0.86,618750,0.67,96683,1.17,79761,0.88,23665,1.75,726411,1.06,2039,0.74
2025-01-06T00:00:00.000,3436491,0.67,1238969,0.61,229503,0.76,202575,0.75,35840,1.27,792617,0.91,6887,0.42
2025-01-07T00:00:00.000,3781536,0.74,1275936,0.62,245930,0.81,220945,0.82,38048,1.34,842968,0.97,7409,0.45
2025-01-08T00:00:00.000,3830616,0.74,1256260,0.61,239444,0.79,209550,0.78,39406,1.39,852748,0.98,7798,0.48
2025-01-09T00:00:00.000,3734383,0.73,787710,0.38,229804,0.76,198894,0.74,38431,1.36,869256,1.00,6841,0.42
